SD_Code,DG,DG_size,DG_size_acq,age,sex,height,weight,relStat,relStat_other,education,contracept,date,NPI_avg,SRP_avg,MACHIV_avg,BFI_N_avg,BFI_E_avg,BFI_O_avg,BFI_A_avg,BFI_C_avg,PA_R1,PA_R2,PA_R3,PA_R4,PA_avg,BMI,SOI_R_B_avg,SOI_R_A_avg,SOI_R_D_avg,TargEff__choice_relFrequ_acq,TargEff__FS_avg_acq,TargEff__ONS_avg_acq,TargEff__BC_avg_acq,TargEff__FWB_avg_acq,TargEff__STR_avg_acq,TargEff__LTR_avg_acq,TargEff__PA_avg_acq,TargEff__Like_avg_acq,TargEff__Int_avg_acq,TargEff__FIPI_N_avg_acq,TargEff__FIPI_E_avg_acq,TargEff__FIPI_O_avg_acq,TargEff__FIPI_A_avg_acq,TargEff__FIPI_C_avg_acq,PercEff__choice_relFrequ_acq,PercEff__FS_avg_acq,PercEff__ONS_avg_acq,PercEff__BC_avg_acq,PercEff__FWB_avg_acq,PercEff__STR_avg_acq,PercEff__LTR_avg_acq,PercEff__PA_avg_acq,PercEff__Like_avg_acq,PercEff__Int_avg_acq,PercEff__FIPI_N_avg_acq,PercEff__FIPI_E_avg_acq,PercEff__FIPI_O_avg_acq,PercEff__FIPI_A_avg_acq,PercEff__FIPI_C_avg_acq
101,1,11,11,20,1,173,70,1, ,4,1,2,2.45,1.96153846153846,3.22222222222222,3,3,4,4,3.75,3,3,1,3,2.5,23.3886865581877,1.33333333333333,3,1.66666666666667,-.301490909090909,-1.27312727272727,-.886190909090909,-.703,-.972827272727273,-.854006060606061,-1.08005454545455,-1.32621818181818,-1.58725454545455,-.0571818181818182,1.5637,-2.39613636363636,-1.51865454545455,-1.53251818181818,.829754545454545,.165954545454545,.657936363636363,-1.04843636363636,-1.35389090909091,-.997754545454546,-1.13336060606061,.584690909090909,1.12129090909091,.3411,.772963636363636,-1.04602727272727,.231145454545455,.190936363636364,.863381818181819,.121309090909091
102,1,11,11,20,1,161,65,1, ,4,1,2,2.45,1.84615384615385,2.83333333333333,4,3.75,5,3.25,3,4,4,5,5,4.5,25.0761930481077,5,8.66666666666667,4.66666666666667,.334872727272727,.0905090909090909,1.65926363636364,1.66063636363636,1.66353636363636,1.66114545454545,1.37449090909091,1.31014545454545,.776381818181818,.488272727272728,-.618118181818182,.512954545454545,-.791381818181818,.558390909090909,.193390909090909,-.106772727272727,-.614790909090909,-.0484363636363638,-.0811636363636361,-.725027272727273,-.284875757575758,-.597127272727273,-.333254545454545,-.204354545454546,.1366,-.591481818181818,.140236363636364,-.263609090909091,-.591163636363636,-.515054545454545
103,1,11,11,19,1,170,61,1, ,4,2,2,2.175,1.5,2.33333333333333,3.75,2.25,4.25,4,4.25,2,3,1,3,2.25,21.1072664359862,1,1.66666666666667,4.66666666666667,-.210581818181818,-1.36403636363636,-1.34073636363636,-1.06663636363636,-1.15464545454545,-1.18733939393939,-1.17096363636364,-1.50803636363636,-.769072727272728,-.693545454545454,.745518181818182,-.850681818181819,-.0641090909090907,.467481818181819,-.352063636363636,-.106772727272727,.385209090909091,-1.13934545454545,-1.17207272727273,-.543209090909091,-.951542424242424,1.22105454545455,.0303818181818185,-.113445454545454,.22750909090909,.317609090909091,-.496127272727273,-.536336363636364,-.0457090909090905,-.333236363636364
104,1,11,11,21,1,164,58,1, ,4,2,2,2.85,2.15384615384615,2.83333333333333,2.25,4,4.75,3.25,4.25,5,5,6,6,5.5,21.5645449137418,2.66666666666667,2,4.66666666666667,.243963636363636,-.545854545454545,2.38653636363636,2.47881818181818,2.02717272727273,2.29750909090909,1.01085454545455,1.76469090909091,.140018181818181,-.0571818181818182,.5637,-.850681818181819,-.245927272727273,-.532518181818181,.2843,-.106772727272727,-.7057,-1.6848,-1.4448,-1.4523,-1.5273,-.3244,-1.87870909090909,-1.11344545454545,-.408854545454546,.681245454545455,-1.31430909090909,-.809063636363636,-.682072727272727,-.696872727272727
105,1,11,10,24,1,168,67,1, ,5,1,1,2.825,2.53846153846154,3.05555555555556,2.5,4.75,3.75,3.5,4,3,5,3,2,3.25,23.7386621315193,2.33333333333333,3,2,.3076,-.3004,1.2229,.697,.9999,.973266666666667,.6654,.0556000000000001,.0581999999999994,.261,.0636999999999999,.3675,.3268,.0493000000000006,.0842999999999998,.2205,.657936363636363,-1.6848,-1.4448,.274972727272727,-.951542424242424,.039236363636364,.2122,.613827272727272,1.04569090909091,-1.04602727272727,.322054545454546,.372754545454546,.863381818181819,-.0605090909090906
106,1,11,8,22,1,168,53,1, ,4,1,2,2.75,1.92307692307692,2.61111111111111,1.75,4.75,5,4,4.5,3,5,3,6,4.25,18.7783446712018,5.33333333333333,7.33333333333333,4.66666666666667,.6076,.6246,2.5229,2.922,3.0499,2.8316,2.2154,2.1056,1.5832,.636,-.3113,.5925,.5268,.6493,-.5907,-.0045,-.342063636363636,-1.77570909090909,-1.80843636363636,-1.81593636363636,-1.80002727272727,-1.59712727272727,-1.51507272727273,-.931627272727273,-1.31794545454545,.863063636363636,1.41296363636364,1.37275454545455,-1.13661818181818,1.12130909090909
107,1,11,10,20,1,176,59,1, ,4,1,2,2.675,1.96153846153846,1.83333333333333,3.25,4.75,3,3,3.5,6,6,4,7,5.75,19.0470041322314,4.33333333333333,5.33333333333333,2.66666666666667,.5076,.1996,2.1229,2.397,2.2999,2.27326666666667,.9654,1.6556,.4582,.0609999999999999,-.4363,.5675,.5268,.2493,-.0156999999999998,-.1795,-1.61479090909091,-1.95752727272727,-1.71752727272727,-1.72502727272727,-1.80002727272727,-1.59712727272727,-2.15143636363636,-2.02253636363636,-1.49976363636364,1.04488181818182,1.23114545454545,.554572727272727,-1.31843636363636,.394036363636364
108,1,11,7,19,1,180,75,1, ,4,2,2,3.225,2.46153846153846,2.72222222222222,2.75,4.75,5,3,2,5,7,4,7,5.75,23.1481481481481,7,8.66666666666667,6.33333333333333,.321885714285714,-.286114285714286,2.16575714285714,2.15414285714286,1.58561428571429,1.96850476190476,.608257142857143,1.42702857142857,.101057142857143,.0467142857142857,-.4363,.681785714285714,.312514285714286,.363585714285715,-.7157,-.0937857142857143,.4943,-.6848,-.2448,-.0523000000000002,-.3273,.0756000000000001,-1.1878,-.1589,-.763400000000001,1.0267,.5766,1.1273,-.6548,.7304
109,1,11,10,23,1,169,53,1, ,4,2,2,2.375,1.73076923076923,2.44444444444444,3.5,4.25,3.5,3.75,4.5,3,5,2,5,3.75,18.5567732222261,4,7,6.66666666666667,.0076,-.5004,.3229,.497,.3999,.4066,.4654,.5556,-.1418,.461,1.4637,-.6325,-.3732,-.3507,1.3843,-.2795,.0215727272727269,-1.59389090909091,-1.35389090909091,-1.36139090909091,-1.43639090909091,-1.3244,-.515072727272727,.3411,.863872727272727,.590336363636364,.140236363636364,-.354518181818182,.0452000000000004,.394036363636364
110,1,11,11,23,1,156,46,2, ,4,2,2,2.925,2.23076923076923,2.61111111111111,3.25,3,1,3,2,7,7,6,6,6.5,18.9020381328074,3.33333333333333,7.33333333333333,2.33333333333333,.6076,-.364036363636364,3.11380909090909,3.297,3.20899090909091,3.2066,2.64721818181818,2.12832727272727,.9582,.579181818181818,-.890845454545454,1.14931818181818,.844981818181819,1.01293636363636,.2843,-.106772727272727,-1.06933636363636,-1.59389090909091,-1.53570909090909,-1.54320909090909,-1.55760303030303,-1.41530909090909,-1.51507272727273,-.113445454545454,-.408854545454546,1.04488181818182,.0493272727272731,.100027272727273,-.0457090909090905,.303127272727273
111,1,11,11,22,1,169,57,1, ,4,2,1,2.85,2.11538461538462,2.33333333333333,3.75,4.5,4.75,4,3.25,5,6,5,6,5.5,19.9572844088092,1,2.66666666666667,5.33333333333333,.243963636363636,-.454945454545455,1.47744545454545,1.20609090909091,1.11808181818182,1.26720606060606,.192672727272727,1.03741818181818,.0491090909090905,-.329909090909091,-.618118181818182,1.05840909090909,.844981818181819,.558390909090909,-.352063636363636,-.3795,1.20339090909091,-1.6848,-1.4448,-1.4523,-1.5273,-1.3244,-.878709090909091,1.06837272727273,1.31841818181818,-1.22784545454545,-1.40521818181818,.281845454545455,1.68156363636364,1.12130909090909
112,1,11,11,19,1,169,66,1, ,4,2,2,2.55,1.84615384615385,2.27777777777778,3.75,5,3.5,2.75,3.75,5,5,5,5,5,23.1084345786212,5,7.66666666666667,6.33333333333333,.153054545454545,-.454945454545455,1.38653636363636,.842454545454546,.754445454545455,.994478787878788,-.170963636363636,.673781818181818,.230927272727272,-.329909090909091,-.163572727272728,-.214318181818182,-.155018181818181,-.3507,.193390909090909,-.288590909090909,-.432972727272727,-.775709090909091,-.899345454545454,-.906845454545455,-.860633333333333,-.960763636363636,-.969618181818181,-.0225363636363634,-1.04521818181818,-.500572727272727,-.314309090909091,-.718154545454545,-.227527272727272,-.9696
113,1,11,11,18,1,168,59,1, ,4,2,2,2.925,1.84615384615385,3.16666666666667,3.25,3.5,4.25,2,4.75,4,5,3,3,3.75,20.9041950113379,1,3.66666666666667,2.66666666666667,.153054545454545,-.182218181818182,.931990909090909,1.11518181818182,1.02717272727273,1.02478181818182,.738127272727273,.401054545454546,.503654545454546,.215545454545454,.381881818181818,-.123409090909091,-.336836363636364,.194754545454546,1.01157272727273,-.288590909090909,-1.52388181818182,-1.77570909090909,-1.53570909090909,-1.54320909090909,-1.61820909090909,-1.41530909090909,-2.51507272727273,-2.20435454545455,-1.31794545454545,.135790909090909,-.677945454545454,-2.1727,-.863890909090909,-.9696
114,1,11,10,19,1,165,70,1, ,4,2,2,2.45,1.73076923076923,2.22222222222222,2.25,4,4,3.5,3.75,3,3,1,3,2.5,25.7116620752984,5,5,4,-.1924,-1.0004,.2229,-.103,-.3001,-.0600666666666666,-.7346,-.2444,.1582,-.639,.4637,-.4325,-.3732,-.1507,-.4157,-.0795,-.069336363636364,-.139345454545455,-.262981818181818,-.543209090909091,-.315178787878788,-.415309090909091,.484927272727273,-.0225363636363634,.500236363636363,-1.59148181818182,.503872727272727,.554572727272727,.590654545454546,.484945454545455
115,2,18,13,21,1,172,61,1, ,4,2,2,2.575,2.61538461538462,3.27777777777778,3.5,3.5,5,2.25,2.75,3,5,2,2,3,20.619253650622,1.33333333333333,8.33333333333333,5.33333333333333,-.161630769230769,.922676923076923,.945976923076923,.604692307692308,.684515384615385,.745061538461538,.388476923076923,.932523076923077,.650507692307692,-.00823076923076904,-1.05168461538462,.659807692307692,.565261538461538,-.119930769230769,-.7157,.00511538461538463,-.761255555555556,-.407022222222222,-.222577777777778,-.341188888888889,-.323596296296296,-1.43551111111111,-1.2878,-1.43667777777778,-1.14117777777778,.893366666666667,.221044444444445,.105077777777778,-1.06591111111111,.363733333333334
116,2,18,15,21,1,170,60,1, ,4,1,2,2.675,2,2.83333333333333,2,3.75,4.25,3.75,2.75,6,6,5,5,5.5,20.7612456747405,5,8.33333333333333,5,.2076,.9996,1.95623333333333,1.497,1.16656666666667,1.53993333333333,.398733333333333,1.12226666666667,.491533333333333,-.0389999999999997,-.769633333333333,.0341666666666667,.360133333333334,.382633333333334,-.3157,-.1795,-.372366666666667,-1.07368888888889,-.889244444444444,-.896744444444445,-.953225925925926,-1.10217777777778,-.621133333333333,-.603344444444445,-.307844444444445,.7267,.109933333333334,.160633333333334,-.732577777777777,.697066666666667
117,2,18,17,22,1,160,58,1, ,4,1,1,2,1.84615384615385,1.66666666666667,3.5,4.75,4.25,3.5,3.25,5,7,5,4,5.25,22.65625,1.33333333333333,6.66666666666667,4.66666666666667,.489952941176471,.823129411764706,2.37584117647059,2.12052941176471,1.82931176470588,2.10856078431373,.994811764705882,1.73795294117647,.722905882352941,.172764705882353,-.612770588235295,.555735294117647,.203270588235294,-.233052941176471,.166652941176471,-.0265588235294117,1.51652222222222,.259644444444445,.277422222222222,.714366666666666,.417144444444444,.453377777777778,-.0100222222222222,1.95221111111111,1.80326666666667,-.2733,.887711111111111,.716188888888889,.878533333333333,-.302933333333333
118,2,18,17,24,1,168,78,1, ,5,1,2,2.35,1.57692307692308,1.38888888888889,3.25,4.25,3.25,3.5,3.75,4,5,3,3,3.75,27.6360544217687,1.66666666666667,2.66666666666667,4.66666666666667,-.274752941176471,.529011764705882,-.565335294117647,-.879470588235294,-.8251,-.756635294117647,-.828717647058824,-.673811764705882,-.453564705882354,.113941176470588,-.848064705882353,-.15014705882353,-.149670588235294,-.291876470588235,.696064705882353,-.0265588235294117,.127633333333333,-.6848,-.667022222222222,-.4523,-.601374074074074,-.379955555555555,-.121133333333333,-.436677777777778,.358822222222222,-.439966666666667,.332155555555556,-.0615888888888887,.100755555555556,-.525155555555555
119,2,18,17,21,1,176,62,1, ,4,2,2,2.6,2.19230769230769,3.22222222222222,3.75,3.75,4.5,3.75,3.75,3,4,2,3,3,20.0154958677686,2,5.33333333333333,6.33333333333333,.0193647058823529,.646658823529412,.964076470588235,.826411764705882,.770488235294118,.853658823529412,.230105882352941,.502658823529412,.252317647058823,-.180176470588235,-.142182352941177,-.0913235294117647,.0268000000000002,.119888235294118,-.00981764705882338,.0910882352941176,.683188888888889,-.407022222222222,-.222577777777778,-.230077777777778,-.286559259259259,.064488888888889,-.0655777777777775,.174433333333333,.303266666666667,-.551077777777778,.109933333333334,.160633333333334,.156311111111111,-.691822222222222
120,2,18,16,21,1,169,65,1, ,4,2,2,2.675,1.92307692307692,2.88888888888889,1.75,4.25,3.75,4,4,3,5,1,2,2.75,22.7583067819754,2.33333333333333,2.66666666666667,3.66666666666667,.0451,-.1879,.5229,.547,.2999,.4566,.0903999999999998,.3556,-.4793,-.364,-.3113,-.22,-.0356999999999998,-.1632,.2218,-.067,.349855555555555,-.6848,-.278133333333333,-.396744444444445,-.453225925925926,.564488888888889,-.176688888888889,-.381122222222222,.0254888888888889,.115588888888889,-.0567333333333333,-.00603333333333333,-.510355555555555,-.4696
121,2,18,18,22,1,160,54,1, ,4,1,2,2.025,1.76923076923077,1.44444444444444,3,3,3.5,3.75,4.5,4,5,2,2,3.25,21.09375,2.33333333333333,6.66666666666667,1.33333333333333,.385377777777778,.470188235294118,1.91178888888889,1.74144444444444,1.2999,1.65104444444444,1.02095555555556,1.24448888888889,.624866666666667,.0387777777777778,-.0474111111111108,-.365833333333334,-.417644444444444,.204855555555556,.339855555555555,.0649444444444444,.238744444444444,-1.6848,-1.4448,-1.4523,-1.5273,.620044444444445,.989977777777778,.618877777777778,2.02548888888889,-1.71774444444444,1.05437777777778,.716188888888889,1.26742222222222,1.08595555555556
122,2,18,18,22,1,156,60,1, ,4,1,2,2.65,1.61538461538462,2.16666666666667,2.75,4.25,4.75,4,4.5,3,4,1,3,2.75,24.65483234714,2.66666666666667,5,4,-.170177777777778,-.222622222222222,.300677777777778,.241444444444445,.133233333333334,.225118518518519,-.201266666666667,-.199955555555555,-.152911111111111,-.683444444444445,.119255555555555,-.365833333333334,-.0287555555555552,.1493,-.104588888888889,.287166666666667,.738744444444444,-1.6848,-1.4448,-.841188888888889,-1.3235962962963,2.23115555555556,1.32331111111111,1.22998888888889,1.80326666666667,-2.10663333333333,.443266666666667,1.04952222222222,1.65631111111111,1.19706666666667
123,2,18,17,23,1,156,50,1, ,4,1,1,2.125,1.42307692307692,1.66666666666667,4,3.5,4,3.75,3.75,3,5,1,4,3.25,20.5456936226167,3.33333333333333,5,5,.137011764705882,.587835294117647,1.25819411764706,1.17935294117647,.770488235294118,1.06934509803922,.230105882352941,.796776470588235,-.100623529411765,-.356647058823529,.681347058823529,-.561911764705882,-.0908470588235293,.0610647058823535,.343123529411764,.208735294117647,.7943,-.907022222222222,-1.33368888888889,-.396744444444445,-.879151851851852,.842266666666667,.267755555555556,.174433333333333,1.74771111111111,-.717744444444445,.832155555555556,.438411111111111,.267422222222223,-.525155555555555
124,2,18,18,27,1,175,70,1, ,5,2,2,2.5,1.65384615384615,2.94444444444444,3.25,2.25,4.75,2,4.5,3,5,3,4,3.75,22.8571428571429,2,4.33333333333333,3.66666666666667,-.3924,-1.05595555555556,-1.03265555555556,-1.03633333333333,-1.03343333333333,-1.03414074074074,-1.09015555555556,-1.19995555555556,-1.26402222222222,-.183444444444445,.00814444444444451,-1.0325,-1.08431111111111,-.961811111111111,.395411111111111,-.157277777777778,-.761255555555556,-1.74035555555556,-1.50035555555556,-1.50785555555556,-1.58285555555556,-1.37995555555556,-1.56557777777778,-1.32556666666667,-1.14117777777778,.171144444444445,-1.11228888888889,-.561588888888889,-.399244444444444,-.525155555555555
125,2,18,15,21,1,172,58,1, ,4,2,2,2.7,1.92307692307692,2.38888888888889,2,4.75,4.5,2.5,4,4,6,4,6,5,19.6051919956733,1.33333333333333,8.33333333333333,4.66666666666667,.340933333333333,.7996,2.2229,2.03033333333333,2.23323333333333,2.16215555555556,1.4654,1.52226666666667,1.02486666666667,-.0389999999999997,-.8363,.5675,.8268,.515966666666666,-.7157,-.3795,.349855555555555,-1.85146666666667,-1.61146666666667,-1.39674444444444,-1.61989259259259,-1.26884444444444,-1.84335555555556,.0633222222222223,-.918955555555556,1.00447777777778,-.612288888888889,.3273,-.288133333333333,.252622222222223
126,2,18,18,20,1,174,60,1, ,4,1,2,2.85,2.11538461538462,2.55555555555556,2,4,3.75,3.75,4.25,4,5,3,5,4.25,19.8176773682124,1.66666666666667,3.66666666666667,4.33333333333333,-.00351111111111113,-.222622222222222,1.80067777777778,1.46366666666667,1.02212222222222,1.42882222222222,.409844444444444,1.18893333333333,.124866666666667,-.239,-.102966666666667,-.365833333333334,-.084311111111111,.0381888888888895,.2843,-.212833333333333,-.0390333333333337,.481866666666666,.444088888888889,.769922222222222,.565292592592593,1.06448888888889,-.343355555555555,.0633222222222223,-.0300666666666674,.171144444444445,.2766,-.506033333333333,.378533333333333,-1.13626666666667
127,2,18,16,19,1,163,51,1, ,4,2,2,2.475,1.65384615384615,2.27777777777778,3,2.75,5,3,3.75,6,5,4,5,5,19.1953027964922,3.33333333333333,4.66666666666667,2.66666666666667,.1701,.7496,1.9604,1.7345,1.4874,1.72743333333333,.4654,1.12226666666667,.5207,-.0514999999999999,.4387,.2175,.0268000000000002,.0868000000000002,-.3407,-.3795,-.483477777777778,-1.35146666666667,-1.11146666666667,-1.39674444444444,-1.28655925925926,-.935511111111111,-1.56557777777778,-.603344444444445,-.418955555555556,-.0510777777777776,-.2234,.105077777777778,.43408888888889,-.191822222222222
128,2,18,16,18,1,173,70,1, ,4,2,2,2.4,2.38461538461538,2.77777777777778,4.5,2.5,5,3.5,3.25,4,7,5,4,5,23.3886865581877,5.66666666666667,7.33333333333333,6,-.0174,-.0629,1.3979,.9845,.7999,1.06076666666667,.2154,.9181,.5207,.0110000000000001,.0636999999999999,-.0950000000000002,.2143,.2743,-.4032,-.1295,-.372366666666667,-.795911111111111,-.333688888888889,-.230077777777778,-.453225925925926,.231155555555556,-1.23224444444444,-1.04778888888889,-.307844444444445,1.00447777777778,-1.33451111111111,-.561588888888889,-1.17702222222222,-.9696
129,2,18,17,28,1,172,73,1, ,5,2,2,2.45,2.34615384615385,2.83333333333333,3.5,4.75,4.75,3.25,3.5,4,5,2,3,3.5,24.6755002704164,5.66666666666667,8.33333333333333,6.66666666666667,.0193647058823529,.705482352941177,.728782352941177,.473470588235294,.358723529411765,.520325490196078,-.0640117647058824,.208541176470588,.311141176470588,.231588235294118,-.495123529411765,.732205882352941,.262094117647059,-.174229411764705,.343123529411764,.0322647058823529,-.483477777777778,-.295911111111111,-.389244444444445,-.341188888888889,-.342114814814815,-.157733333333333,.101088888888889,-.325566666666667,-.0856222222222227,.0600333333333332,.554377777777778,-.00603333333333333,-.343688888888889,-.4696
130,2,18,15,20,1,173,69,1, ,4,2,2,2.5,1.73076923076923,3,2,4,4.25,3.5,3.5,4,6,4,5,4.75,23.0545624644993,4.66666666666667,5.66666666666667,3,-.125733333333333,.1996,.489566666666667,.297,-.0334333333333334,.251044444444444,-.3346,.388933333333333,.291533333333333,.0276666666666667,-.302966666666666,.834166666666667,.4268,.0493000000000006,-.0490333333333335,-.3795,-.7057,-1.6848,-1.4448,-1.50785555555556,-1.54581851851852,-1.37995555555556,-.954466666666666,-1.04778888888889,-.25228888888889,.171144444444445,.554377777777778,.493966666666667,-.621466666666667,.419288888888889
131,2,18,15,20,1,178,76,2, ,4,2,2,2.55,2.11538461538462,1.94444444444444,3,3.5,4,2.75,1.75,4,7,4,6,5.25,23.9868703446535,5,9,1.33333333333333,-.0590666666666667,.266266666666667,.156233333333333,.0303333333333335,.0332333333333334,.0732666666666667,-.201266666666667,.322266666666667,.0915333333333335,-.372333333333334,-.302966666666666,.3675,.560133333333333,.0493000000000006,-.782366666666666,-.246166666666667,-1.2057,-1.1848,-1.00035555555556,-1.00785555555556,-1.06433703703704,-1.10217777777778,-1.95446666666667,-1.88112222222222,-1.47451111111111,1.11558888888889,-.612288888888889,-.506033333333333,-.843688888888889,.752622222222223
132,2,18,15,24,1,169,58, ,polyamoröse Beziehung(en),5,2,2,3.375,2.76923076923077,4.44444444444444,4.5,5,4.5,3.5,4,4,6,5,7,5.5,20.307412205455,8.33333333333333,9,6,.2076,.732933333333333,2.35623333333333,1.897,1.56656666666667,1.93993333333333,.732066666666666,1.32226666666667,.624866666666667,.161,-.102966666666667,.434166666666667,.493466666666667,.115966666666667,-.449033333333333,.0871666666666667,-.927922222222223,-1.6848,-1.61146666666667,-1.61896666666667,-1.63841111111111,-1.54662222222222,-2.45446666666667,-1.49223333333333,-2.3634,1.17114444444444,.221044444444445,.438411111111111,-.843688888888889,.252622222222223
133,2,18,17,21,1,167,61,1, ,4,2,2,2.375,1.57692307692308,2.27777777777778,4.5,3.5,4.25,2.5,4,3,5,2,3,3.25,21.8724228190326,2.66666666666667,9,2.66666666666667,-.0394588235294118,.293717647058823,.434664705882353,.120529411764706,-.111864705882353,.147776470588235,-.358129411764706,.443835294117647,.134670588235294,.113941176470588,-.0833588235294123,-.503088235294118,-.149670588235294,-.174229411764705,.2843,-.0853823529411765,.572077777777777,.204088888888889,-.167022222222222,-.0078555555555555,.00973703703703702,.342266666666667,-.232244444444444,-.381122222222222,.0254888888888889,-.2733,.387711111111111,.160633333333334,-.732577777777777,.141511111111111
134,3,15,15,21,1,163,69,2, ,4,1,2,1.975,1.96153846153846,2.22222222222222,4.75,3.75,4.75,2.25,3.5,3,3,2,2,2.5,25.9701155481953,1.33333333333333,7,1,-.325733333333333,-.133733333333333,-.710433333333333,-.703,-.633433333333333,-.682288888888889,-.667933333333333,-.877733333333333,.0915333333333335,-.172333333333333,.897033333333333,-1.16583333333333,-.7732,-.0173666666666668,-.382366666666667,-.112833333333333,1.36096666666667,-.4848,-.178133333333333,-.4523,-.371744444444444,-.3244,-.3878,.5411,1.80326666666667,-.839966666666666,.509933333333334,.0939666666666668,1.71186666666667,1.56373333333333
135,3,15,14,22,1,163,65,1, ,4,2,2,2.875,1.61538461538462,2.72222222222222,2.5,3.75,4,3.25,4,4,5,3,4,4,24.4646016033724,2,3.33333333333333,3,.1076,.213885714285714,1.5229,.725571428571429,.728471428571428,.992314285714286,.0368285714285714,.8556,.101057142857143,-.310428571428571,.420842857142857,-.175357142857143,.0982285714285718,-.136414285714285,.212871428571428,-.236642857142857,-.239033333333333,-1.75146666666667,-1.51146666666667,-1.4523,-1.57174444444444,-.791066666666666,.278866666666667,.407766666666666,.469933333333333,1.0267,.5766,.160633333333334,-.3548,.697066666666667
136,3,15,15,22,1,165,62,1, ,4,2,2,2.525,2.19230769230769,2.61111111111111,2.5,4,3.75,3.5,3.5,4,6,4,5,4.75,22.77318640955,6.66666666666667,8,4.66666666666667,.340933333333333,-.0670666666666668,1.8229,1.697,1.8999,1.8066,.998733333333333,1.32226666666667,.624866666666667,-.239,.430366666666666,-.0325000000000002,-.1732,.315966666666667,-.182366666666667,-.1795,-.172366666666667,-.818133333333333,-.6448,-.318966666666667,-.593966666666667,-.7244,-.254466666666667,.3411,.203266666666666,.293366666666667,-1.55673333333333,-.239366666666667,.245200000000001,-1.50293333333333
137,3,15,15,21,1,170,59,1, ,4,2,2,2.725,2.30769230769231,3.55555555555556,3,2.5,2.5,2.75,3,4,5,3,5,4.25,20.4152249134948,2.33333333333333,5.33333333333333,2,.0742666666666666,-.333733333333333,.689566666666666,.963666666666667,1.03323333333333,.895488888888889,1.4654,1.0556,.0248666666666661,-.0389999999999997,1.03036666666667,-1.09916666666667,-.906533333333333,.115966666666667,.2843,-.246166666666667,-1.23903333333333,-1.4848,-1.31146666666667,-1.38563333333333,-1.39396666666667,-1.25773333333333,-2.25446666666667,-2.19223333333333,-2.0634,1.56003333333333,.0432666666666668,.160633333333334,-1.88813333333333,-.0362666666666667
138,3,15,15,21,1,169,60,1, ,4,2,2,2.6,2.73076923076923,3.5,2.75,3.25,2.75,2.5,2.5,4,5,4,3,4,21.0076677987465,2,6,2,-.0590666666666667,-.733733333333333,.6229,.897,.4999,.673266666666667,.332066666666667,.922266666666666,-.508466666666667,-.372333333333334,-.169633333333334,-.165833333333333,-.506533333333333,-.884033333333333,-.182366666666667,-.1795,-1.03903333333333,-1.6848,-1.4448,-1.4523,-1.5273,-1.1244,-1.1878,-.592233333333334,-1.19673333333333,.160033333333334,-.356733333333333,-1.30603333333333,-.754799999999999,-.5696
139,3,15,15,22,1,165,74,1, ,4,2,2,1.7,1.80769230769231,2.11111111111111,3.75,4,4,3.75,2.25,3,4,1,2,2.5,27.1808999081726,2.33333333333333,8,1,-.125733333333333,.666266666666667,-.643766666666667,-.103,.0998999999999999,-.215622222222222,-.3346,-.5444,.691533333333333,.694333333333334,-.0362999999999998,.700833333333333,.960133333333333,.715966666666667,-.3157,.0871666666666667,1.6943,1.5152,-.711466666666666,-1.18563333333333,-.1273,.342266666666667,1.6122,1.7411,1.80326666666667,-1.1733,1.70993333333333,1.2273,1.6452,-.236266666666666
140,3,15,15,20,1,173,73,1, ,4,1,1,2.6,1.69230769230769,2.16666666666667,2.25,3.75,4,3.25,3.5,3,4,1,2,2.5,24.3910588392529,1.33333333333333,2.66666666666667,1.33333333333333,-.3924,-1.53373333333333,-1.64376666666667,-1.303,-1.3001,-1.41562222222222,-1.40126666666667,-1.61106666666667,-1.4418,-.772333333333333,.9637,-1.29916666666667,-.906533333333333,-1.61736666666667,-.0490333333333335,.153833333333333,1.02763333333333,-.551466666666667,-1.0448,-1.4523,-1.01618888888889,1.20893333333333,1.4122,.7411,.603266666666666,-.839966666666666,.509933333333334,.0939666666666668,.311866666666667,.297066666666667
141,3,15,14,20,1,179,60,1, ,4,2,2,2.425,2.07692307692308,2.61111111111111,4.5,2.75,3.75,2.5,4,2,4,2,3,2.75,18.7260073031428,4,4,4,-.178114285714286,-.928971428571428,.0943285714285715,.0112857142857146,-.128671428571428,-.00768571428571407,-.5346,-.00154285714285685,-.756085714285715,-1.239,.920842857142857,-2.0325,-.687485714285714,-.636414285714285,-.429985714285714,.1205,.160966666666666,-1.01813333333333,-1.0448,-.585633333333333,-.882855555555556,-.257733333333333,-.9878,-.325566666666667,.0699333333333332,.160033333333334,-.4234,-.3727,-.488133333333333,-.502933333333333
142,3,15,15,23,1,166,61,1, ,4,1,1,1.7,1.34615384615385,1.44444444444444,2.75,2.75,5,4,3,2,3,1,2,2,22.1367397300044,1,4.66666666666667,3,-.1924,.1996,-.5771,-.369666666666666,-.166766666666667,-.371177777777778,-.3346,-.5444,.3582,.0943333333333332,-.4363,-.499166666666667,-.306533333333333,-.284033333333333,-.0490333333333335,-.112833333333333,.560966666666666,-1.6848,-1.4448,-1.2523,-1.46063333333333,-.791066666666666,-1.3878,-.325566666666667,-.6634,.8267,.443266666666667,.760633333333333,-.288133333333333,.297066666666667
143,3,15,15,25,1,165,49,1, ,5,2,2,3.075,2.15384615384615,3.38888888888889,3.5,4,4.5,2.75,4,4,6,3,6,4.75,17.9981634527089,1.33333333333333,5,2,.4076,.132933333333334,2.68956666666667,2.697,2.43323333333333,2.6066,2.2654,1.8556,.491533333333333,.761,-.8363,1.10083333333333,.293466666666667,-.0840333333333332,.8843,-.246166666666667,-.372366666666667,-1.61813333333333,-1.37813333333333,-1.38563333333333,-1.46063333333333,-1.25773333333333,-.921133333333333,.0744333333333334,-.6634,.2267,-.4234,-.706033333333333,1.51186666666667,-.9696
144,3,15,15,19,1,167,69,1, ,4,2,2,2.7,2.34615384615385,2.83333333333333,2.5,3.75,3.25,2.75,3.25,4,6,2,5,4.25,24.7409372871024,3,7,5.33333333333333,.0742666666666666,.0662666666666665,.489566666666667,.630333333333334,.833233333333333,.651044444444445,-.0679333333333334,.122266666666667,.224866666666666,-.172333333333333,-.302966666666666,.434166666666667,-.239866666666666,-.1507,.150966666666667,.0205,.4943,1.5152,1.5552,1.5477,1.53936666666667,1.54226666666667,.545533333333333,.00776666666666692,1.06993333333333,-.439966666666667,.643266666666667,.2273,1.0452,.697066666666667
145,3,15,15,18,1,168,55,1, ,4,1,2,2.675,2.26923076923077,3.38888888888889,3,4,4.5,3,3.75,5,7,7,6,6.25,19.4869614512472,5,7.33333333333333,7.66666666666667,.6076,.466266666666667,2.48956666666667,3.097,3.23323333333333,2.93993333333333,3.33206666666667,2.52226666666667,1.69153333333333,.827666666666667,-.369633333333334,1.1675,1.0268,1.0493,.617633333333333,-.246166666666667,.627633333333333,-.618133333333333,-.711466666666666,-.785633333333333,-.705077777777778,-.991066666666667,-1.1878,.0744333333333334,.0699333333333332,1.0267,.1766,-.7727,-.0881333333333334,-.5696
146,3,15,14,25,1,170,68,1, ,4,2,2,3.125,2.07692307692308,2.5,2.25,4.75,4.5,4.25,3.75,3,5,3,3,3.5,23.5294117647059,8.66666666666667,9,7.33333333333333,.179028571428571,.142457142857143,.737185714285714,1.01128571428571,1.2999,1.01612380952381,.822542857142857,.8556,.815342857142856,.689571428571429,-.293442857142857,.753214285714285,1.09822857142857,.577871428571429,.570014285714286,.0490714285714285,-.239033333333333,.781866666666667,.821866666666667,.881033333333333,.828255555555556,.2756,.2122,.1411,-.263400000000001,.160033333333334,-.756733333333333,-.506033333333333,-.888133333333333,-.102933333333333
201,1,14,11,25,2,183,74,1, ,4, ,2,2.45,2.23076923076923,3.27777777777778,3.25,2.75,4.75,3.75,2,2,4,5,3,3.5,22.096807907074,1.33333333333333,9,7,-.301490909090909,-.545854545454545,-1.9771,-1.61209090909091,-1.51828181818182,-1.70249090909091,-.898236363636364,-1.78076363636364,-.314527272727273,.124636363636363,.290972727272727,-.941590909090909,-.336836363636364,.103845454545454,.102481818181818,.165954545454545,.601992307692307,2.46904615384615,2.70904615384615,2.31693076923077,2.49834102564103,1.52175384615385,.750661538461538,-.197361538461538,-.63263076923077,.380546153846154,.00736923076923102,-.249623076923077,-.724030769230769,.645784615384616
202,1,14,13,26,2,177,82,1, ,5, ,2,2.825,1.46153846153846,1.77777777777778,1.75,4.75,2.75,3.75,2.25,5,5,3,6,4.75,26.1738325513103,6.33333333333333,8.33333333333333,7.66666666666667,-.00778461538461539,-.000399999999999956,-1.51556153846154,-1.39530769230769,-.930869230769231,-1.28057948717949,-.149984615384616,.0863692307692308,.419738461538461,.376384615384615,-.4363,.736730769230769,.949876923076923,.418530769230769,.130453846153846,.00511538461538463,.437157142857143,1.10091428571429,.840914285714286,.833414285714285,.925080952380952,.1756,.283628571428571,.8411,.493742857142856,-.2733,1.49088571428571,1.47015714285714,.5452,.0304000000000002
203,1,14,11,19,2,192,75,1, ,4, ,2,2.7,2.23076923076923,3.55555555555556,3.25,3.25,4.5,3,4.25,2,3,1,3,2.25,20.3450520833333,5.33333333333333,7,7.66666666666667,-.119672727272727,-.364036363636364,-1.15891818181818,-1.43027272727273,-.972827272727273,-1.18733939393939,-.625509090909091,-.508036363636364,-.132709090909091,-.693545454545454,-.618118181818182,-.123409090909091,.299527272727273,.285663636363637,.193390909090909,.347772727272727,-.439033333333334,1.64853333333333,1.3552,1.08103333333333,1.36158888888889,.208933333333333,.478866666666667,.207766666666666,-.330066666666667,.6267,-.956733333333333,-.1727,.311866666666667,-.102933333333333
204,1,14,10,20,2,183,76,1, ,4, ,2,2.8,1.69230769230769,4.22222222222222,1.25,4.5,4.25,4.25,2,4,5,2,5,4,22.6940189315895,3.66666666666667,9,8.66666666666667,.0076,-.6004,-.8771,-1.003,-1.1001,-.9934,-.7346,-.4444,-1.0418,-.339,-.6363,-1.2325,-1.0732,-1.2507,-.9157,-.2795,-.348557142857143,-.113371428571428,-.373371428571428,-.738014285714286,-.408252380952381,-.895828571428571,-.644942857142857,-1.01604285714286,-.8634,.655271428571429,.848028571428572,.8273,-.526228571428571,.673257142857143
205,1,14,14,28,2,162,72,1, ,5, ,2,2.475,1.84615384615385,2.33333333333333,3.25,2.25,1.75,3,2,1,3,1,2,1.75,27.4348422496571,3.66666666666667,5.66666666666667,5.66666666666667,-.320971428571429,-.214685714285714,-1.83424285714286,-1.63157142857143,-1.62867142857143,-1.6981619047619,-1.32031428571429,-2.21582857142857,-.327514285714286,-.0247142857142855,.277985714285714,.181785714285714,-.116057142857143,.00644285714285697,1.42715714285714,.6205,1.08001428571429,.958057142857143,1.19805714285714,1.97627142857143,1.3774619047619,1.60417142857143,1.78362857142857,.8411,.6366,.298128571428572,.133742857142857,-.458414285714285,.0452000000000004,.0304000000000002
206,1,14,14,19,2,177,80,1, ,4, ,2,2.4,2.46153846153846,2.66666666666667,1,3.75,3.75,2.25,2.25,4,3,1,2,2.5,25.5354463915222,5.33333333333333,7.66666666666667,1,-.3924,-.214685714285714,-1.90567142857143,-1.63157142857143,-1.62867142857143,-1.72197142857143,-1.32031428571429,-2.07297142857143,-.398942857142857,-.524714285714285,.849414285714285,-.818214285714286,-1.04462857142857,.435014285714286,-1.28712857142857,.1205,-2.27712857142857,1.95805714285714,.983771428571429,.0476999999999999,.996509523809524,-.181542857142857,1.06934285714286,.0553857142857144,.422314285714285,-.344728571428571,-.366257142857143,-.6727,-.169085714285714,-.541028571428571
207,1,14,12,21,2,179,72,1, ,4, ,2,3.125,1.96153846153846,2.33333333333333,1.25,5,4.75,2.75,4,3,6,2,6,4.25,22.4712087637714,8.33333333333333,6.33333333333333,9,-.225733333333333,-.2504,-1.64376666666667,-1.11966666666667,-1.11676666666667,-1.2934,-1.11793333333333,-1.47773333333333,-.2918,-.989,-.102966666666667,.2175,.2768,.315966666666667,-1.79903333333333,.537166666666667,-2.7057,3.02948571428571,2.76948571428571,2.69055714285714,2.82984285714286,2.03274285714286,1.56934285714286,1.19824285714286,.922314285714285,-1.48758571428571,.490885714285715,.970157142857143,1.40234285714286,.673257142857143
208,1,14,14,29,2,189,71,1, ,4, ,2,2.25,2.03846153846154,2.72222222222222,2.25,2.75,3.25,3.5,2.5,3,5,4,7,4.75,19.8762632625067,2,6.66666666666667,3.33333333333333,.1076,.0710285714285712,-.905671428571428,-.917285714285714,-.485814285714286,-.769590476190476,-.106028571428572,.498457142857143,-.184657142857144,.689571428571429,-1.29344285714286,.753214285714285,.383942857142857,-.136414285714285,.570014285714286,.191928571428571,.2943,1.74377142857143,2.12662857142857,2.19055714285714,2.02031904761905,1.60417142857143,.569342857142857,.555385714285714,.0651714285714284,.155271428571429,-.7234,-1.02984285714286,-.0262285714285708,-.755314285714285
209,1,14,13,22,2,190,70,2, ,4, ,2,2.5,2.42307692307692,3.55555555555556,2.5,3.75,4.5,3.75,4,3,3,2,2,2.5,19.3905817174515,2.66666666666667,6.66666666666667,7,-.0847076923076923,-.077323076923077,-1.66940769230769,-1.62607692307692,-1.39240769230769,-1.56263076923077,-.611523076923077,-.759784615384616,-.811030769230769,-.392846153846154,.0252384615384615,.198269230769231,-.280892307692307,-.581469230769231,.361223076923077,.235884615384615,.151442857142857,-1.25622857142857,-.659085714285714,-.595157142857143,-.83682380952381,-.895828571428571,.926485714285715,.3411,.208028571428571,.7267,.348028571428572,-.101271428571428,.188057142857144,1.0304
210,1,14,14,27,2,178,79,1, ,5, ,2,2.475,1.57692307692308,2.72222222222222,2.75,2.75,4.75,4.75,2.75,4,4,5,6,4.75,24.9337204898371,3,9,6,-.320971428571429,-.857542857142857,-1.61995714285714,-1.56014285714286,-1.55724285714286,-1.57911428571429,-1.24888571428571,-1.57297142857143,-1.18465714285714,.618142857142857,.849414285714285,-1.60392857142857,-1.40177142857143,-1.13641428571429,.641442857142857,.406214285714286,-.2057,1.95805714285714,2.0552,1.97627142857143,1.99650952380952,1.38988571428571,1.7122,.198242857142857,-.291971428571429,-.130442857142857,-1.43768571428571,-.886985714285714,-.240514285714285,.0304000000000002
211,1,14,13,26,2,183,76,1, ,4, ,2,3.45,1.84615384615385,2.83333333333333,1.25,4.5,4.75,3.5,4.25,4,4,6,5,4.75,22.6940189315895,8.33333333333333,9,8,.299907692307692,1.15344615384615,-.284792307692308,-.318384615384615,-.161638461538462,-.254938461538462,.542323076923077,.624830769230769,1.18896923076923,.530230769230769,-.743992307692308,1.65980769230769,1.0268,1.26468461538462,.515069230769231,-.0718076923076923,-.919985714285715,-.399085714285714,-.0162285714285715,-.0951571428571429,-.170157142857143,-.8244,-.930657142857143,-1.23032857142857,-.291971428571429,.7267,-.294828571428571,-.101271428571428,-.0262285714285708,-.183885714285714
214,2,19,18,29,2,189,71,1, ,4, ,2,2.25,2.03846153846154,2.72222222222222,2.25,2.75,3.25,3.5,2.5,3,5,3,6,4.25,19.8762632625067,2,6.66666666666667,3.33333333333333,-.00351111111111113,.888488888888889,-.0882111111111112,-.0918888888888887,-.144544444444445,-.108214814814815,.0209555555555552,.244488888888889,.4582,.705444444444445,-1.15852222222222,.9675,.804577777777778,-.128477777777777,-.160144444444445,.00938888888888889,1.45219473684211,1.73625263157895,1.87098947368421,1.86348947368421,1.82357719298246,1.25454736842105,.527989473684211,.3411,-.0739263157894738,-.141721052631579,-1.06550526315789,-.856910526315789,-.375852631578947,-.811705263157894
215,2,19,17,26,2,190,83,1, ,5, ,2,3.65,3.5,4.83333333333333,2.25,4.75,5,1.5,3.5,2,3,3,3,2.75,22.9916897506925,8,9,8,-.0394588235294118,.411364705882353,-1.03592352941176,-.703,-.523629411764706,-.75418431372549,.288929411764706,-.0855764705882356,-.335917647058824,.761,-.789241176470588,.555735294117647,.320917647058824,-.585994117647059,1.16665294117647,-.0265588235294117,-.7057,-.158484210526316,-.655326315789474,-1.03124736842105,-.615019298245614,-1.3244,.2122,.393731578947368,.0839684210526315,.0161736842105267,.618705263157895,.722036842105263,.255726315789474,-.28538947368421
216,2,19,19,23,2,177,83,1, ,5, ,1,2.8,1.42307692307692,1.61111111111111,2,4,4,3.5,3.75,4,4,4,2,3.5,26.4930256312043,1.66666666666667,4.66666666666667,4.66666666666667,-.181873684210526,-.158294736842105,-.871836842105263,-.808263157894737,-.752731578947368,-.810943859649123,-.376705263157895,-.881242105263158,-.673378947368422,-.133736842105263,-.541563157894737,-.400921052631579,-.183726315789474,-.245436842105263,-.136752631578947,-.274236842105263,.241668421052631,-.105852631578947,-.129010526315789,-.189142105263158,-.141335087719298,-.534926315789473,.2122,-.0273210526315788,-.494978947368422,-.246984210526316,-.0128736842105259,.0904578947368422,-.112694736842105,-.390652631578947
217,2,19,19,22,2,180,70,1, ,4, ,1,2.7,2.07692307692308,2.55555555555556,3.25,2.75,4.5,4,4,4,5,4,3,4,21.6049382716049,3,8,7.33333333333333,.0812842105263157,.315389473684211,-.556047368421053,-.545105263157895,-.331678947368421,-.477610526315789,-.00828421052631612,.224021052631579,-.0418000000000003,-.449526315789473,.5637,-.190394736842106,-.28898947368421,-.0349105263157892,-.0841210526315788,.0941842105263158,-.442542105263158,1.63098947368421,1.50256842105263,.389805263157895,1.17445438596491,-.745452631578947,.2122,-.501005263157895,-.705505263157895,-.246984210526316,-.381294736842105,-.277963157894737,-.586378947368421,.188294736842106
218,2,19,18,31,2,186,83,1, ,4, ,2,2.575,2.30769230769231,3.22222222222222,3.75,3.75,4.5,3.25,4,4,3,3,3,3.25,23.9912128569777,1.66666666666667,7.33333333333333,8,-.225733333333333,-.0559555555555553,-1.81043333333333,-1.59188888888889,-1.47787777777778,-1.62673333333333,-.756822222222223,-1.69995555555556,-.597355555555556,.316555555555555,.341477777777778,.911944444444444,.193466666666667,.1493,.562077777777778,-.212833333333333,2.50482631578947,1.73625263157895,1.29204210526316,.600331578947368,1.20954210526316,.0966526315789475,2.52798947368421,1.55162631578947,1.92607368421053,-2.24698421052632,.987126315789474,.616773684210526,1.67677894736842,.240926315789474
219,2,19,19,27,2,175,55,1, ,4, ,2,2.3,1.92307692307692,2.72222222222222,4.25,2.75,5,3.75,4.25,4,4,3,5,4,17.9591836734694,1,6,4.33333333333333,-.3924,-.842505263157895,-1.92446842105263,-1.54510526315789,-1.48957368421053,-1.65304912280702,-1.16617894736842,-1.98650526315789,-1.19969473684211,.339947368421052,1.40580526315789,-1.92723684210526,-1.02583157894737,-.508594736842105,1.12640526315789,.252078947368421,2.34693157894737,2.15730526315789,2.18677894736842,2.96875263157895,2.43761228070175,2.6756,2.15956842105263,1.65688947368421,1.08396842105263,-.878563157894737,.723968421052632,-.330594736842105,1.20309473684211,.0304000000000002
220,2,19,12,21,2,177,70,1, ,4, ,2,2.85,2.38461538461538,3.05555555555556,2.75,3.5,3.75,3.75,3.25,3,2,2,2,2.25,22.343515592582,3,6.33333333333333,7.33333333333333,.0242666666666667,-.417066666666666,-.7271,-.453,-.283433333333333,-.487844444444444,.4654,-.227733333333334,-.208466666666667,-.572333333333333,-.269633333333333,.2175,.193466666666667,-.517366666666667,-.549033333333333,.203833333333333,-.863594736842106,-1.00058947368421,-.76058947368421,-.925984210526316,-.895721052631579,-1.3244,-1.20885263157895,-1.23784736842105,-1.81076842105263,1.2267,.7766,.300984210526316,-2.1126947368421,1.29355789473684
221,2,19,19,32,2,178,85,1, ,5, ,2,2.325,2.76923076923077,4.27777777777778,4,1,4.25,2,2.25,3,3,3,3,3,26.8274207802045,1,9,9,-.287136842105263,-.842505263157895,-1.60867894736842,-1.38721052631579,-1.38431052631579,-1.46006666666667,-1.11354736842105,-1.72334736842105,-1.09443157894737,-.344263157894737,.247910526315789,-.558815789473684,-.604778947368421,-.613857894736842,-.0841210526315788,-.116342105263158,1.87324736842105,2.20993684210526,2.29204210526316,2.23191052631579,2.2446298245614,1.41244210526316,1.84377894736842,2.07794210526316,1.61028421052632,-1.98382631578947,.513442105263158,1.03782631578947,1.72941052631579,.872505263157895
222,2,19,19,29,2,170,67,1, ,4, ,2,2.425,1.96153846153846,2.27777777777778,4,2.25,3.75,2.5,2.25,3,3,3,5,3.5,23.1833910034602,3.33333333333333,5.33333333333333,7.33333333333333,-.181873684210526,.315389473684211,-1.60867894736842,-1.38721052631579,-1.27904736842105,-1.42497894736842,-.166178947368421,-.723347368421053,-.0418000000000003,-.0811052631578946,.668963157894737,-.664078947368421,.184694736842105,.386142105263158,.231668421052631,-.0110789473684211,.189036842105263,1.42046315789474,1.39730526315789,1.44243684210526,1.42006842105263,1.30717894736842,.580621052631579,-.0799526315789478,-.231821052631579,.595121052631579,.671336842105263,.722036842105263,-.796905263157894,.661978947368421
223,2,19,17,22,2,196,90,2, ,4, ,2,2.425,1.76923076923077,1.72222222222222,1.5,4.5,3.75,2.75,2.25,4,6,4,5,4.75,23.4277384423157,6,9,4.33333333333333,.431129411764706,1.17607058823529,.787605882352941,.708764705882353,.770488235294118,.755619607843137,.524223529411764,1.14971764705882,1.01702352941176,.290411764705882,-1.67159411764706,1.61455882352941,1.55621176470588,.884594117647059,-.7157,.0910882352941176,.346931578947368,.894147368421053,.660463157894737,-.241773684210526,.437612280701754,-.64018947368421,.106936842105263,-.185215789473684,-.442347368421053,.279331578947369,-.433926315789474,-.120068421052631,-.639010526315789,-.232757894736842
224,2,19,15,23,2,183,70,1, ,4, ,2,2.825,2.26923076923077,2.72222222222222,3,4,4,2,3.75,5,6,4,6,5.25,20.9023858580429,4.33333333333333,9,7.33333333333333,.140933333333333,.866266666666666,-.3771,-.769666666666666,-.0334333333333334,-.3934,.732066666666666,.0556000000000001,.691533333333333,.494333333333334,-1.10296666666667,1.03416666666667,.8268,.582633333333334,-.1157,.0871666666666667,-1.07412105263158,.262568421052631,.23941052631579,.179278947368421,.227085964912281,-.166505263157894,-1.10358947368421,-1.71153157894737,-1.54761052631579,1.2267,.566073684210526,.669405263157895,-.428484210526316,.451452631578948
225,2,19,18,20,2,175,55,1, ,4, ,2,2.525,2.34615384615385,3.61111111111111,2.5,3.5,4,3,3.75,5,4,6,6,5.25,17.9591836734694,1,5.66666666666667,6.66666666666667,-.281288888888889,-1.11151111111111,-1.75487777777778,-1.48077777777778,-1.36676666666667,-1.53414074074074,-1.0346,-2.19995555555556,-1.5418,.205444444444445,1.78592222222222,-1.5325,-.584311111111111,-.517366666666667,.228744444444445,.564944444444444,-.337278947368421,2.42046315789474,2.60783157894737,2.23191052631579,2.42006842105263,2.14928421052632,1.00167368421053,.656889473684211,-.442347368421053,-.141721052631579,-.381294736842105,-.120068421052631,-.27058947368421,-.548547368421052
226,2,19,19,26,2,178,65,1, ,5, ,2,2.55,2.03846153846154,3.38888888888889,4,2.75,4.5,2.75,2.5,6,7,5,7,6.25,20.5150864789799,5.33333333333333,7,6,.239178947368421,1.10486315789474,-.0823631578947368,.0338421052631581,.405163157894737,.118880701754386,.991715789473684,.8556,.747673684210526,.0767894736842107,-.383668421052632,.178026315789474,.395221052631579,.386142105263158,-.873594736842105,-.0637105263157895,.820615789473684,1.05204210526316,1.02888421052632,1.33717368421053,1.13936666666667,.149284210526316,.422726315789474,.604257894736842,-.54761052631579,-.246984210526316,-.749715789473684,-.804278947368421,-.00743157894736779,-1.12749473684211
227,2,19,12,20,2,182,82,1, ,4, ,2,2.65,2.19230769230769,3.05555555555556,3.5,4,4.25,3,3.25,3,5,4,5,4.25,24.7554643159039,3.33333333333333,8.33333333333333,6.33333333333333,.0242666666666667,-.583733333333333,-1.34073636363636,-1.06663636363636,-.4501,-.952490909090909,.2154,.522266666666667,-.2918,-.239,-.9363,1.30083333333333,.7768,.0659666666666672,-.882366666666667,-.212833333333333,-1.86359473684211,-1.21111578947368,-1.02374736842105,-.873352631578947,-1.03607192982456,-1.16650526315789,-1.94569473684211,-2.50100526315789,-2.17918947368421,2.48985789473684,.671336842105263,.8273,-2.16532631578947,1.50408421052632
228,2,19,19,24,2,185,75,1, ,4, ,2,2,1.92307692307692,2.33333333333333,3.75,3,3,2,2,3,4,2,2,2.75,21.9138056975895,4.33333333333333,6,8,-.287136842105263,-1.05303157894737,-1.87183684210526,-1.59773684210526,-1.59483684210526,-1.68813684210526,-1.00828421052632,-2.19703157894737,-1.56811578947368,-.923210526315789,1.14264736842105,-.664078947368421,-.920568421052631,-.561226315789473,-1.29464736842105,-.326868421052632,.820615789473684,2.78888421052632,-.76058947368421,-1.29440526315789,.244629824561404,-.482294736842105,2.00167368421053,.972678947368421,.873442105263157,-1.29961578947368,-.0655052631578945,.406247368421053,1.15046315789474,.767242105263158
229,2,19,17,27,2,186,90,1, ,4, ,2,3.025,2.80769230769231,4,2.75,3.5,4.75,1.75,3.25,2,4,2,3,2.75,26.0145681581686,6.33333333333333,7,6.66666666666667,-.333576470588235,-.353341176470588,-1.62415882352941,-1.52652941176471,-1.52362941176471,-1.55810588235294,-1.00518823529412,-1.96792941176471,-.982976470588236,.172764705882353,-.201005882352941,.438088235294118,.379741176470588,-.291876470588235,-.00981764705882338,.444029411764706,.189036842105263,.367831578947369,-.234273684210526,-.13651052631579,-.000984210526315662,-.219136842105263,1.10693684210526,-.237847368421052,-.389715789473684,.121436842105263,-1.2234,-1.12006842105263,-.586378947368421,-1.12749473684211
230,2,19,18,25,2,190,90,1, ,4, ,2,3.05,2.23076923076923,3.05555555555556,1.25,4.75,4.25,2.5,3.25,5,5,4,5,4.75,24.9307479224377,2.33333333333333,8,7.33333333333333,.0520444444444444,.888488888888889,-.532655555555555,-.369666666666666,-.366766666666666,-.423029629629629,.520955555555555,.244488888888889,.402644444444444,.261,-.769633333333333,1.35638888888889,1.0268,.427077777777778,.00652222222222232,-.101722222222222,-2.38991052631579,-.895326315789474,-.286905263157895,-.241773684210526,-.474668421052632,-.3244,-.7878,-1.02732105263158,-1.17918947368421,.700384210526316,.0923894736842108,.037826315789474,-1.06006315789474,.0304000000000002
231,2,19,19,26,2,179,70,2, ,4, ,2,2.5,2.07692307692308,1.77777777777778,1.5,3.5,4,2.5,3.5,4,4,3,4,3.75,21.8470085203333,5.66666666666667,9,6,-.234505263157895,-.684610526315789,-1.29288947368421,-1.22931578947368,-1.12115263157895,-1.21445263157895,-.903021052631579,-1.19703157894737,-.673378947368422,-.239,.511068421052632,-.506184210526316,-.552147368421052,-.455963157894737,.231668421052631,.462605263157895,.873247368421052,1.99941052631579,2.29204210526316,1.91612105263158,2.06919122807018,.254547368421053,1.31746315789474,.709521052631579,.926073684210526,-1.35224736842105,.355547368421053,.932563157894737,1.0452,-.811705263157894
232,3,13,13,25,2,168,65,1, , , ,2,3.25,1.92307692307692,2.94444444444444,1.75,4.75,4.75,1.75,3.5,4,4,2,4,3.5,23.0300453514739,4.33333333333333,7.33333333333333,6.66666666666667,-.238553846153846,-.077323076923077,-.515561538461538,-.549153846153846,-.623176923076923,-.562630769230769,-.611523076923077,-.452092307692308,-.580261538461539,-.469769230769231,-.820915384615385,.582884615384615,.257569230769231,-.812238461538461,.0535307692307692,-.0718076923076923,.678915384615385,1.23827692307692,.401353846153846,1.16308461538462,.934238461538461,.367907692307693,.673738461538462,.571869230769231,.828907692307692,-.0809923076923074,.315061538461539,.519607692307693,.275969230769231,.491938461538462
233,3,13,11,25,2,178,85,1, ,4, ,1,2.375,2.19230769230769,2.55555555555556,2,3.75,4,3.75,2.5,4,6,4,6,5,26.8274207802045,3,8.33333333333333,6.33333333333333,-.119672727272727,.0905090909090909,-1.61346363636364,-1.33936363636364,-1.33646363636364,-1.42976363636364,-.625509090909091,-.235309090909091,-.678163636363637,.124636363636363,.927336363636364,-.396136363636364,-.0641090909090907,.194754545454546,-.352063636363636,.0750454545454545,-1.47493076923077,.776738461538462,1.47827692307692,1.08616153846154,1.11372564102564,-.170553846153846,1.13527692307692,-.197361538461538,-.0941692307692312,-.311761538461538,-.454169230769231,-.788084615384615,-.339415384615385,-.200369230769231
234,3,13,13,23,2,178,70,3, ,4, ,2,2.95,1.96153846153846,2.38888888888889,1.25,4.5,4.25,4.25,3.25,3,3,4,3,3.25,22.0931700542861,2.33333333333333,6.66666666666667,5.33333333333333,-.315476923076923,-.769630769230769,-1.43863846153846,-1.16453846153846,-1.16163846153846,-1.25493846153846,-.996138461538462,-1.06747692307692,-1.27256923076923,-.00823076923076904,.332930769230769,.275192307692307,-.357815384615384,-1.58146923076923,.130453846153846,.312807692307692,.448146153846154,-.454030769230769,.401353846153846,1.85539230769231,.600905128205128,1.21406153846154,.827584615384615,.648792307692307,.444292307692307,-.388684615384615,-.992630769230769,-.557315384615384,.737507692307693,.107323076923077
235,3,13,13,25,2,186,106,1, ,4, ,2,2.45,2.07692307692308,2.72222222222222,1,4,2.75,3.75,3.25,2,3,1,1,1.75,30.6393802751763,2.66666666666667,5.33333333333333,4,-.161630769230769,.9996,-1.28479230769231,-1.62607692307692,-1.54625384615385,-1.48570769230769,-.919215384615385,-1.45209230769231,.881276923076923,.376384615384615,.794469230769231,.9675,.872953846153846,1.18776153846154,.361223076923077,.0820384615384616,.0635307692307689,-1.14633846153846,-1.29095384615385,-1.22153076923077,-1.21960769230769,.290984615384616,1.36604615384615,.802638461538462,.444292307692307,-.465607692307692,-.531092307692307,-.1727,.275969230769231,-.123446153846154
236,3,13,13,27,2,173,81,1, ,4, ,2,2.075,1.69230769230769,2.66666666666667,2.75,3.5,3,3.5,2.5,1,5,3,2,2.75,27.0640515887601,2,4.66666666666667,2.66666666666667,-.161630769230769,.153446153846154,-1.28479230769231,-1.24146153846154,-1.16163846153846,-1.22929743589744,-.5346,-1.22132307692308,.0351230769230764,-.00823076923076904,-.667069230769231,.736730769230769,.334492307692308,.495453846153846,.207376923076923,.235884615384615,-.244161538461539,.930584615384615,1.40135384615385,2.5477,1.62654615384615,2.21406153846154,.673738461538462,.802638461538462,.828907692307692,-.388684615384615,-.992630769230769,-.480392307692307,-.18556923076923,.261169230769231
237,3,13,11,25,2,162,48,1, ,5, ,2,2.425,1.76923076923077,3.33333333333333,3,4,5,3.75,3.75,1,3,1,3,2,18.2898948331047,1,2.66666666666667,6.33333333333333,-.301490909090909,-.364036363636364,-1.43164545454545,-1.24845454545455,-1.15464545454545,-1.27824848484848,-.716418181818182,-1.68985454545455,-.132709090909091,.397363636363637,.5637,-.305227272727273,-1.15501818181818,.740209090909091,.557027272727273,.438681818181818,-.7057,1.00750769230769,1.78596923076923,2.00923846153846,1.60090512820513,2.6756,1.44296923076923,1.18725384615385,.059676923076923,-.7733,-1.2234,-.711161538461538,.660584615384615,-.200369230769231
238,3,13,13,24,2,188,80,1, ,4, ,2,2.825,2.34615384615385,2.55555555555556,1.5,4,4,2.25,2.25,3,5,5,7,5,22.6346763241286,8,9,6.66666666666667,.146061538461538,.922676923076923,.484438461538462,.297,-.161638461538462,.2066,1.08078461538462,.8556,.188969230769231,.453307692307693,-1.28245384615385,.890576923076923,-.0501230769230769,.264684615384615,.2843,.235884615384615,.448146153846154,1.93058461538461,2.09366153846154,1.47077692307692,1.83167435897436,.829446153846154,1.2122,.879561538461538,.905830769230769,-.0809923076923074,.853523076923077,.596530769230769,.429815384615385,-.0465230769230769
239,3,13,11,21,2,189,70,1, ,4, ,2,2.8,2.76923076923077,3.55555555555556,1.75,5,3.75,4,2.5,4,5,6,5,5,19.5963158926122,5.33333333333333,9,7.66666666666667,-.0287636363636364,-.364036363636364,-.158918181818182,-.157545454545454,-.427372727272727,-.247945454545454,-.625509090909091,.491963636363637,-.132709090909091,-.420818181818182,-.4363,.694772727272727,.117709090909091,.285663636363637,-1.26115454545455,-.0158636363636364,-.551853846153846,1.00750769230769,.324430769230769,.393853846153846,.575264102564103,-.401323076923077,-.403184615384615,-.812746153846154,-1.17109230769231,.380546153846154,-.300323076923077,-1.09577692307692,-.493261538461538,-.815753846153846
240,3,13,11,23,2,191,76,1, ,4, ,2,2.75,2.19230769230769,3.38888888888889,2.75,3.5,4.75,3.75,4,4,7,4,6,5.25,20.8327622598065,2.66666666666667,4,6.66666666666667,.153054545454545,.817781818181818,.931990909090909,.206090909090909,.208990909090909,.449024242424243,.919945454545454,.8556,.867290909090909,-.239,.109154545454546,-.759772727272727,-.336836363636364,.103845454545454,-.170245454545455,-.0158636363636364,-.0133923076923077,.3152,.632123076923077,.5477,.498341025641026,.214061538461539,.2122,.3411,.36736923076923,.303623076923077,-.531092307692307,-.0957769230769228,-.724030769230769,-.354215384615384
241,3,13,13,24,2,190,88,1, ,4, ,2,2.8,2.30769230769231,3.16666666666667,1.75,4.25,3.25,3.25,3.5,4,4,5,5,4.5,24.3767313019391,6,6.33333333333333,5,.146061538461538,.922676923076923,.561361538461538,-.0106923076923073,-.00779230769230743,.180958974358974,.388476923076923,.624830769230769,.188969230769231,-.162076923076923,.794469230769231,-.417115384615385,-.588584615384615,.110838461538462,-.0233923076923075,-.0718076923076923,.601992307692307,1.23827692307692,1.17058461538462,.701546153846154,1.03680256410256,.367907692307693,-.249338461538462,.0334076923076925,-.401861538461539,.611315384615385,.468907692307693,.134992307692308,.506738461538462,.722707692307693
242,3,13,13,24,2,180,80,1, ,4, ,2,3.075,2.34615384615385,3.38888888888889,1.5,3.5,3.75,2.75,2.75,2,4,3,2,2.75,24.6913580246914,7.66666666666667,9,6,-.161630769230769,-1.23116923076923,-.9771,-1.01069230769231,-1.08471538461538,-1.02416923076923,-.919215384615385,-.836707692307693,-.811030769230769,-.931307692307692,.948315384615384,-1.80173076923077,-1.43473846153846,-1.11993076923077,-.792623076923077,.00511538461538463,.2943,.392123076923077,.632123076923077,.624623076923077,.549623076923077,.906369230769231,.0583538461538464,.879561538461538,.213523076923076,-.927146153846154,.00736923076923102,-1.32654615384615,.506738461538462,-2.20036923076923
243,3,13,12,27,2,173,88,1, ,4, ,2,2.75,2.34615384615385,2.38888888888889,2.25,3.75,4.5,2.5,3.75,4,5,1,3,3.25,29.4029202445788,4.33333333333333,9,6.33333333333333,-.3924,-.167066666666666,-1.81043333333333,-1.53633333333333,-1.53343333333333,-1.62673333333333,-1.20126666666667,-1.3944,-.125133333333333,.0110000000000001,-.0196333333333332,-.115833333333334,-.139866666666666,.3993,.117633333333333,.0371666666666667,.0635307692307689,.853661538461538,.785969230769231,.316930769230769,.652187179487179,-.247476923076923,1.05835384615385,.648792307692307,.444292307692307,-.465607692307692,.315061538461539,-.0188538461538461,.352892307692308,.722707692307693
244,3,13,12,24,2,184,71,1, ,5, ,2,2.75,1.73076923076923,2.5,3.25,4,5,4,4,4,5,3,3,3.75,20.9711720226843,6.66666666666667,8.33333333333333,7,.190933333333333,1.08293333333333,-.643766666666667,-.703,-.783433333333333,-.710066666666667,-.0346000000000002,-.1444,.791533333333333,1.011,.3137,.550833333333333,.610133333333334,.565966666666667,.450966666666667,.0371666666666667,.832761538461538,.853661538461538,1.09366153846154,1.00923846153846,.985520512820513,-.0167076923076923,.827584615384615,-.120438461538462,.675061538461538,-.619453846153846,-.531092307692307,.365761538461538,.122123076923077,.491938461538462
245,3,13,12,21,2,176,58,1, ,4, ,2,2.6,2.30769230769231,2.88888888888889,4.25,3.5,2.75,2.5,2.25,4,4,3,4,3.75,18.724173553719,3.33333333333333,3,5,.190933333333333,1.2496,-.4771,-.953,-.533433333333333,-.654511111111111,.132066666666666,.272266666666667,.791533333333333,.344333333333333,.647033333333333,.384166666666666,1.0268,.6493,-.2157,.1205,.525069230769231,1.54596923076923,1.09366153846154,.932315384615384,1.19064871794872,.521753846153846,.981430769230769,.571869230769231,.213523076923076,.688238461538462,-1.53109230769231,-.403469230769231,.506738461538462,-.123446153846154
246,3,13,11,22,2,182,78,1, ,4, ,2,2.3,2.11538461538462,2.5,2,2.75,3.75,3.75,3.75,4,3,2,6,3.75,23.5478806907378,2.33333333333333,4.66666666666667,5.33333333333333,-.210581818181818,-.545854545454545,-1.70437272727273,-1.43027272727273,-1.24555454545455,-1.46006666666667,-1.17096363636364,-1.41712727272727,.140018181818181,.761,1.20006363636364,-.214318181818182,-.700472727272727,.285663636363637,-.0793363636363638,-.288590909090909,.448146153846154,1.77673846153846,1.78596923076923,.855392307692307,1.4727,.598676923076923,1.28912307692308,1.11033076923077,.444292307692307,.995930769230769,.391984615384616,.519607692307693,.891353846153846,-.508061538461538
