"SD_Code","DG","DG_size","DG_size_acq","age","sex","height","weight","relStat","relStat_other","education","contracept","date","NPI_avg","SRP_avg","MACHIV_avg","BFI_N_avg","BFI_E_avg","BFI_O_avg","BFI_A_avg","BFI_C_avg","PA_R1","PA_R2","PA_R3","PA_R4","PA_avg","BMI","SOI_R_B_avg","SOI_R_A_avg","SOI_R_D_avg","TargEff__choice_relFrequ_acq","TargEff__FS_avg_acq","TargEff__ONS_avg_acq","TargEff__BC_avg_acq","TargEff__FWB_avg_acq","TargEff__STR_avg_acq","TargEff__LTR_avg_acq","TargEff__PA_avg_acq","TargEff__Like_avg_acq","TargEff__Int_avg_acq","TargEff__FIPI_N_avg_acq","TargEff__FIPI_E_avg_acq","TargEff__FIPI_O_avg_acq","TargEff__FIPI_A_avg_acq","TargEff__FIPI_C_avg_acq","PercEff__choice_relFrequ_acq","PercEff__FS_avg_acq","PercEff__ONS_avg_acq","PercEff__BC_avg_acq","PercEff__FWB_avg_acq","PercEff__STR_avg_acq","PercEff__LTR_avg_acq","PercEff__PA_avg_acq","PercEff__Like_avg_acq","PercEff__Int_avg_acq","PercEff__FIPI_N_avg_acq","PercEff__FIPI_E_avg_acq","PercEff__FIPI_O_avg_acq","PercEff__FIPI_A_avg_acq","PercEff__FIPI_C_avg_acq"
101.000000,1.000000,11.000000,11.000000,20.000000,1.000000,173.000000,70.000000,1.000000,"",4.000000,1.000000,2.000000,2.450000,1.96153846153846,3.22222222222222,3.000000,3.000000,4.000000,4.000000,3.750000,3.000000,3.000000,1.000000,3.000000,2.500000,23.38868655818771,1.33333333333333,3.000000,1.66666666666667,-0.30149090909091,-1.27312727272727,-0.88619090909091,-0.703000,-0.97282727272727,-0.85400606060606,-1.08005454545455,-1.32621818181818,-1.58725454545455,-0.05718181818182,1.563700,-2.39613636363636,-1.51865454545455,-1.53251818181818,0.82975454545455,0.16595454545455,0.65793636363636,-1.04843636363636,-1.35389090909091,-0.99775454545455,-1.13336060606061,0.58469090909091,1.12129090909091,0.341100,0.77296363636364,-1.04602727272727,0.23114545454545,0.19093636363636,0.86338181818182,0.12130909090909
102.000000,1.000000,11.000000,11.000000,20.000000,1.000000,161.000000,65.000000,1.000000,"",4.000000,1.000000,2.000000,2.450000,1.84615384615385,2.83333333333333,4.000000,3.750000,5.000000,3.250000,3.000000,4.000000,4.000000,5.000000,5.000000,4.500000,25.07619304810771,5.000000,8.66666666666667,4.66666666666667,0.33487272727273,0.09050909090909,1.65926363636364,1.66063636363636,1.66353636363636,1.66114545454545,1.37449090909091,1.31014545454545,0.77638181818182,0.48827272727273,-0.61811818181818,0.51295454545455,-0.79138181818182,0.55839090909091,0.19339090909091,-0.10677272727273,-0.61479090909091,-0.04843636363636,-0.08116363636364,-0.72502727272727,-0.28487575757576,-0.59712727272727,-0.33325454545455,-0.20435454545455,0.136600,-0.59148181818182,0.14023636363636,-0.26360909090909,-0.59116363636364,-0.51505454545455
103.000000,1.000000,11.000000,11.000000,19.000000,1.000000,170.000000,61.000000,1.000000,"",4.000000,2.000000,2.000000,2.175000,1.500000,2.33333333333333,3.750000,2.250000,4.250000,4.000000,4.250000,2.000000,3.000000,1.000000,3.000000,2.250000,21.10726643598616,1.000000,1.66666666666667,4.66666666666667,-0.21058181818182,-1.36403636363636,-1.34073636363636,-1.06663636363636,-1.15464545454545,-1.18733939393939,-1.17096363636364,-1.50803636363636,-0.76907272727273,-0.69354545454545,0.74551818181818,-0.85068181818182,-0.06410909090909,0.46748181818182,-0.35206363636364,-0.10677272727273,0.38520909090909,-1.13934545454545,-1.17207272727273,-0.54320909090909,-0.95154242424242,1.22105454545455,0.03038181818182,-0.11344545454545,0.22750909090909,0.31760909090909,-0.49612727272727,-0.53633636363636,-0.04570909090909,-0.33323636363636
104.000000,1.000000,11.000000,11.000000,21.000000,1.000000,164.000000,58.000000,1.000000,"",4.000000,2.000000,2.000000,2.850000,2.15384615384615,2.83333333333333,2.250000,4.000000,4.750000,3.250000,4.250000,5.000000,5.000000,6.000000,6.000000,5.500000,21.56454491374182,2.66666666666667,2.000000,4.66666666666667,0.24396363636364,-0.54585454545455,2.38653636363636,2.47881818181818,2.02717272727273,2.29750909090909,1.01085454545455,1.76469090909091,0.14001818181818,-0.05718181818182,0.563700,-0.85068181818182,-0.24592727272727,-0.53251818181818,0.284300,-0.10677272727273,-0.705700,-1.684800,-1.444800,-1.452300,-1.527300,-0.324400,-1.87870909090909,-1.11344545454545,-0.40885454545455,0.68124545454545,-1.31430909090909,-0.80906363636364,-0.68207272727273,-0.69687272727273
105.000000,1.000000,11.000000,10.000000,24.000000,1.000000,168.000000,67.000000,1.000000,"",5.000000,1.000000,1.000000,2.825000,2.53846153846154,3.05555555555556,2.500000,4.750000,3.750000,3.500000,4.000000,3.000000,5.000000,3.000000,2.000000,3.250000,23.73866213151928,2.33333333333333,3.000000,2.000000,0.307600,-0.300400,1.222900,0.697000,0.999900,0.97326666666667,0.665400,0.055600,0.058200,0.261000,0.063700,0.367500,0.326800,0.049300,0.084300,0.220500,0.65793636363636,-1.684800,-1.444800,0.27497272727273,-0.95154242424242,0.03923636363636,0.212200,0.61382727272727,1.04569090909091,-1.04602727272727,0.32205454545455,0.37275454545455,0.86338181818182,-0.06050909090909
106.000000,1.000000,11.000000,8.000000,22.000000,1.000000,168.000000,53.000000,1.000000,"",4.000000,1.000000,2.000000,2.750000,1.92307692307692,2.61111111111111,1.750000,4.750000,5.000000,4.000000,4.500000,3.000000,5.000000,3.000000,6.000000,4.250000,18.77834467120182,5.33333333333333,7.33333333333333,4.66666666666667,0.607600,0.624600,2.522900,2.922000,3.049900,2.831600,2.215400,2.105600,1.583200,0.636000,-0.311300,0.592500,0.526800,0.649300,-0.590700,-0.004500,-0.34206363636364,-1.77570909090909,-1.80843636363636,-1.81593636363636,-1.80002727272727,-1.59712727272727,-1.51507272727273,-0.93162727272727,-1.31794545454545,0.86306363636364,1.41296363636364,1.37275454545455,-1.13661818181818,1.12130909090909
107.000000,1.000000,11.000000,10.000000,20.000000,1.000000,176.000000,59.000000,1.000000,"",4.000000,1.000000,2.000000,2.675000,1.96153846153846,1.83333333333333,3.250000,4.750000,3.000000,3.000000,3.500000,6.000000,6.000000,4.000000,7.000000,5.750000,19.04700413223140,4.33333333333333,5.33333333333333,2.66666666666667,0.507600,0.199600,2.122900,2.397000,2.299900,2.27326666666667,0.965400,1.655600,0.458200,0.061000,-0.436300,0.567500,0.526800,0.249300,-0.015700,-0.179500,-1.61479090909091,-1.95752727272727,-1.71752727272727,-1.72502727272727,-1.80002727272727,-1.59712727272727,-2.15143636363636,-2.02253636363636,-1.49976363636364,1.04488181818182,1.23114545454545,0.55457272727273,-1.31843636363636,0.39403636363636
108.000000,1.000000,11.000000,7.000000,19.000000,1.000000,180.000000,75.000000,1.000000,"",4.000000,2.000000,2.000000,3.225000,2.46153846153846,2.72222222222222,2.750000,4.750000,5.000000,3.000000,2.000000,5.000000,7.000000,4.000000,7.000000,5.750000,23.14814814814815,7.000000,8.66666666666667,6.33333333333333,0.32188571428571,-0.28611428571429,2.16575714285714,2.15414285714286,1.58561428571429,1.96850476190476,0.60825714285714,1.42702857142857,0.10105714285714,0.04671428571429,-0.436300,0.68178571428571,0.31251428571429,0.36358571428571,-0.715700,-0.09378571428571,0.494300,-0.684800,-0.244800,-0.052300,-0.327300,0.075600,-1.187800,-0.158900,-0.763400,1.026700,0.576600,1.127300,-0.654800,0.730400
109.000000,1.000000,11.000000,10.000000,23.000000,1.000000,169.000000,53.000000,1.000000,"",4.000000,2.000000,2.000000,2.375000,1.73076923076923,2.44444444444444,3.500000,4.250000,3.500000,3.750000,4.500000,3.000000,5.000000,2.000000,5.000000,3.750000,18.55677322222612,4.000000,7.000000,6.66666666666667,0.007600,-0.500400,0.322900,0.497000,0.399900,0.406600,0.465400,0.555600,-0.141800,0.461000,1.463700,-0.632500,-0.373200,-0.350700,1.384300,-0.279500,0.02157272727273,-1.59389090909091,-1.35389090909091,-1.36139090909091,-1.43639090909091,-1.324400,-0.51507272727273,0.341100,0.86387272727273,0.59033636363636,0.14023636363636,-0.35451818181818,0.045200,0.39403636363636
110.000000,1.000000,11.000000,11.000000,23.000000,1.000000,156.000000,46.000000,2.000000,"",4.000000,2.000000,2.000000,2.925000,2.23076923076923,2.61111111111111,3.250000,3.000000,1.000000,3.000000,2.000000,7.000000,7.000000,6.000000,6.000000,6.500000,18.90203813280736,3.33333333333333,7.33333333333333,2.33333333333333,0.607600,-0.36403636363636,3.11380909090909,3.297000,3.20899090909091,3.206600,2.64721818181818,2.12832727272727,0.958200,0.57918181818182,-0.89084545454545,1.14931818181818,0.84498181818182,1.01293636363636,0.284300,-0.10677272727273,-1.06933636363636,-1.59389090909091,-1.53570909090909,-1.54320909090909,-1.55760303030303,-1.41530909090909,-1.51507272727273,-0.11344545454545,-0.40885454545455,1.04488181818182,0.04932727272727,0.10002727272727,-0.04570909090909,0.30312727272727
111.000000,1.000000,11.000000,11.000000,22.000000,1.000000,169.000000,57.000000,1.000000,"",4.000000,2.000000,1.000000,2.850000,2.11538461538462,2.33333333333333,3.750000,4.500000,4.750000,4.000000,3.250000,5.000000,6.000000,5.000000,6.000000,5.500000,19.95728440880922,1.000000,2.66666666666667,5.33333333333333,0.24396363636364,-0.45494545454545,1.47744545454545,1.20609090909091,1.11808181818182,1.26720606060606,0.19267272727273,1.03741818181818,0.04910909090909,-0.32990909090909,-0.61811818181818,1.05840909090909,0.84498181818182,0.55839090909091,-0.35206363636364,-0.379500,1.20339090909091,-1.684800,-1.444800,-1.452300,-1.527300,-1.324400,-0.87870909090909,1.06837272727273,1.31841818181818,-1.22784545454545,-1.40521818181818,0.28184545454545,1.68156363636364,1.12130909090909
112.000000,1.000000,11.000000,11.000000,19.000000,1.000000,169.000000,66.000000,1.000000,"",4.000000,2.000000,2.000000,2.550000,1.84615384615385,2.27777777777778,3.750000,5.000000,3.500000,2.750000,3.750000,5.000000,5.000000,5.000000,5.000000,5.000000,23.10843457862120,5.000000,7.66666666666667,6.33333333333333,0.15305454545455,-0.45494545454545,1.38653636363636,0.84245454545455,0.75444545454545,0.99447878787879,-0.17096363636364,0.67378181818182,0.23092727272727,-0.32990909090909,-0.16357272727273,-0.21431818181818,-0.15501818181818,-0.350700,0.19339090909091,-0.28859090909091,-0.43297272727273,-0.77570909090909,-0.89934545454545,-0.90684545454545,-0.86063333333333,-0.96076363636364,-0.96961818181818,-0.02253636363636,-1.04521818181818,-0.50057272727273,-0.31430909090909,-0.71815454545455,-0.22752727272727,-0.969600
113.000000,1.000000,11.000000,11.000000,18.000000,1.000000,168.000000,59.000000,1.000000,"",4.000000,2.000000,2.000000,2.925000,1.84615384615385,3.16666666666667,3.250000,3.500000,4.250000,2.000000,4.750000,4.000000,5.000000,3.000000,3.000000,3.750000,20.90419501133787,1.000000,3.66666666666667,2.66666666666667,0.15305454545455,-0.18221818181818,0.93199090909091,1.11518181818182,1.02717272727273,1.02478181818182,0.73812727272727,0.40105454545455,0.50365454545455,0.21554545454545,0.38188181818182,-0.12340909090909,-0.33683636363636,0.19475454545455,1.01157272727273,-0.28859090909091,-1.52388181818182,-1.77570909090909,-1.53570909090909,-1.54320909090909,-1.61820909090909,-1.41530909090909,-2.51507272727273,-2.20435454545455,-1.31794545454545,0.13579090909091,-0.67794545454545,-2.172700,-0.86389090909091,-0.969600
114.000000,1.000000,11.000000,10.000000,19.000000,1.000000,165.000000,70.000000,1.000000,"",4.000000,2.000000,2.000000,2.450000,1.73076923076923,2.22222222222222,2.250000,4.000000,4.000000,3.500000,3.750000,3.000000,3.000000,1.000000,3.000000,2.500000,25.71166207529844,5.000000,5.000000,4.000000,-0.192400,-1.000400,0.222900,-0.103000,-0.300100,-0.06006666666667,-0.734600,-0.244400,0.158200,-0.639000,0.463700,-0.432500,-0.373200,-0.150700,-0.415700,-0.079500,-0.06933636363636,-0.13934545454545,-0.26298181818182,-0.54320909090909,-0.31517878787879,-0.41530909090909,0.48492727272727,-0.02253636363636,0.50023636363636,-1.59148181818182,0.50387272727273,0.55457272727273,0.59065454545455,0.48494545454545
115.000000,2.000000,18.000000,13.000000,21.000000,1.000000,172.000000,61.000000,1.000000,"",4.000000,2.000000,2.000000,2.575000,2.61538461538462,3.27777777777778,3.500000,3.500000,5.000000,2.250000,2.750000,3.000000,5.000000,2.000000,2.000000,3.000000,20.61925365062196,1.33333333333333,8.33333333333333,5.33333333333333,-0.16163076923077,0.92267692307692,0.94597692307692,0.60469230769231,0.68451538461538,0.74506153846154,0.38847692307692,0.93252307692308,0.65050769230769,-0.00823076923077,-1.05168461538462,0.65980769230769,0.56526153846154,-0.11993076923077,-0.715700,0.00511538461538,-0.76125555555556,-0.40702222222222,-0.22257777777778,-0.34118888888889,-0.32359629629630,-1.43551111111111,-1.287800,-1.43667777777778,-1.14117777777778,0.89336666666667,0.22104444444444,0.10507777777778,-1.06591111111111,0.36373333333333
116.000000,2.000000,18.000000,15.000000,21.000000,1.000000,170.000000,60.000000,1.000000,"",4.000000,1.000000,2.000000,2.675000,2.000000,2.83333333333333,2.000000,3.750000,4.250000,3.750000,2.750000,6.000000,6.000000,5.000000,5.000000,5.500000,20.76124567474049,5.000000,8.33333333333333,5.000000,0.207600,0.999600,1.95623333333333,1.497000,1.16656666666667,1.53993333333333,0.39873333333333,1.12226666666667,0.49153333333333,-0.039000,-0.76963333333333,0.03416666666667,0.36013333333333,0.38263333333333,-0.315700,-0.179500,-0.37236666666667,-1.07368888888889,-0.88924444444444,-0.89674444444444,-0.95322592592593,-1.10217777777778,-0.62113333333333,-0.60334444444444,-0.30784444444445,0.726700,0.10993333333333,0.16063333333333,-0.73257777777778,0.69706666666667
117.000000,2.000000,18.000000,17.000000,22.000000,1.000000,160.000000,58.000000,1.000000,"",4.000000,1.000000,1.000000,2.000000,1.84615384615385,1.66666666666667,3.500000,4.750000,4.250000,3.500000,3.250000,5.000000,7.000000,5.000000,4.000000,5.250000,22.656250,1.33333333333333,6.66666666666667,4.66666666666667,0.48995294117647,0.82312941176471,2.37584117647059,2.12052941176471,1.82931176470588,2.10856078431373,0.99481176470588,1.73795294117647,0.72290588235294,0.17276470588235,-0.61277058823529,0.55573529411765,0.20327058823529,-0.23305294117647,0.16665294117647,-0.02655882352941,1.51652222222222,0.25964444444444,0.27742222222222,0.71436666666667,0.41714444444444,0.45337777777778,-0.01002222222222,1.95221111111111,1.80326666666667,-0.273300,0.88771111111111,0.71618888888889,0.87853333333333,-0.30293333333333
118.000000,2.000000,18.000000,17.000000,24.000000,1.000000,168.000000,78.000000,1.000000,"",5.000000,1.000000,2.000000,2.350000,1.57692307692308,1.38888888888889,3.250000,4.250000,3.250000,3.500000,3.750000,4.000000,5.000000,3.000000,3.000000,3.750000,27.63605442176871,1.66666666666667,2.66666666666667,4.66666666666667,-0.27475294117647,0.52901176470588,-0.56533529411765,-0.87947058823529,-0.825100,-0.75663529411765,-0.82871764705882,-0.67381176470588,-0.45356470588235,0.11394117647059,-0.84806470588235,-0.15014705882353,-0.14967058823529,-0.29187647058824,0.69606470588235,-0.02655882352941,0.12763333333333,-0.684800,-0.66702222222222,-0.452300,-0.60137407407407,-0.37995555555556,-0.12113333333333,-0.43667777777778,0.35882222222222,-0.43996666666667,0.33215555555556,-0.06158888888889,0.10075555555556,-0.52515555555556
119.000000,2.000000,18.000000,17.000000,21.000000,1.000000,176.000000,62.000000,1.000000,"",4.000000,2.000000,2.000000,2.600000,2.19230769230769,3.22222222222222,3.750000,3.750000,4.500000,3.750000,3.750000,3.000000,4.000000,2.000000,3.000000,3.000000,20.01549586776860,2.000000,5.33333333333333,6.33333333333333,0.01936470588235,0.64665882352941,0.96407647058824,0.82641176470588,0.77048823529412,0.85365882352941,0.23010588235294,0.50265882352941,0.25231764705882,-0.18017647058824,-0.14218235294118,-0.09132352941176,0.026800,0.11988823529412,-0.00981764705882,0.09108823529412,0.68318888888889,-0.40702222222222,-0.22257777777778,-0.23007777777778,-0.28655925925926,0.06448888888889,-0.06557777777778,0.17443333333333,0.30326666666667,-0.55107777777778,0.10993333333333,0.16063333333333,0.15631111111111,-0.69182222222222
120.000000,2.000000,18.000000,16.000000,21.000000,1.000000,169.000000,65.000000,1.000000,"",4.000000,2.000000,2.000000,2.675000,1.92307692307692,2.88888888888889,1.750000,4.250000,3.750000,4.000000,4.000000,3.000000,5.000000,1.000000,2.000000,2.750000,22.75830678197542,2.33333333333333,2.66666666666667,3.66666666666667,0.045100,-0.187900,0.522900,0.547000,0.299900,0.456600,0.090400,0.355600,-0.479300,-0.364000,-0.311300,-0.220000,-0.035700,-0.163200,0.221800,-0.067000,0.34985555555556,-0.684800,-0.27813333333333,-0.39674444444444,-0.45322592592593,0.56448888888889,-0.17668888888889,-0.38112222222222,0.02548888888889,0.11558888888889,-0.05673333333333,-0.00603333333333,-0.51035555555556,-0.469600
121.000000,2.000000,18.000000,18.000000,22.000000,1.000000,160.000000,54.000000,1.000000,"",4.000000,1.000000,2.000000,2.025000,1.76923076923077,1.44444444444444,3.000000,3.000000,3.500000,3.750000,4.500000,4.000000,5.000000,2.000000,2.000000,3.250000,21.093750,2.33333333333333,6.66666666666667,1.33333333333333,0.38537777777778,0.47018823529412,1.91178888888889,1.74144444444444,1.299900,1.65104444444444,1.02095555555556,1.24448888888889,0.62486666666667,0.03877777777778,-0.04741111111111,-0.36583333333333,-0.41764444444444,0.20485555555556,0.33985555555556,0.06494444444444,0.23874444444444,-1.684800,-1.444800,-1.452300,-1.527300,0.62004444444444,0.98997777777778,0.61887777777778,2.02548888888889,-1.71774444444444,1.05437777777778,0.71618888888889,1.26742222222222,1.08595555555556
122.000000,2.000000,18.000000,18.000000,22.000000,1.000000,156.000000,60.000000,1.000000,"",4.000000,1.000000,2.000000,2.650000,1.61538461538462,2.16666666666667,2.750000,4.250000,4.750000,4.000000,4.500000,3.000000,4.000000,1.000000,3.000000,2.750000,24.65483234714004,2.66666666666667,5.000000,4.000000,-0.17017777777778,-0.22262222222222,0.30067777777778,0.24144444444444,0.13323333333333,0.22511851851852,-0.20126666666667,-0.19995555555556,-0.15291111111111,-0.68344444444444,0.11925555555556,-0.36583333333333,-0.02875555555556,0.149300,-0.10458888888889,0.28716666666667,0.73874444444444,-1.684800,-1.444800,-0.84118888888889,-1.32359629629630,2.23115555555556,1.32331111111111,1.22998888888889,1.80326666666667,-2.10663333333333,0.44326666666667,1.04952222222222,1.65631111111111,1.19706666666667
123.000000,2.000000,18.000000,17.000000,23.000000,1.000000,156.000000,50.000000,1.000000,"",4.000000,1.000000,1.000000,2.125000,1.42307692307692,1.66666666666667,4.000000,3.500000,4.000000,3.750000,3.750000,3.000000,5.000000,1.000000,4.000000,3.250000,20.54569362261670,3.33333333333333,5.000000,5.000000,0.13701176470588,0.58783529411765,1.25819411764706,1.17935294117647,0.77048823529412,1.06934509803922,0.23010588235294,0.79677647058824,-0.10062352941176,-0.35664705882353,0.68134705882353,-0.56191176470588,-0.09084705882353,0.06106470588235,0.34312352941176,0.20873529411765,0.794300,-0.90702222222222,-1.33368888888889,-0.39674444444444,-0.87915185185185,0.84226666666667,0.26775555555556,0.17443333333333,1.74771111111111,-0.71774444444444,0.83215555555556,0.43841111111111,0.26742222222222,-0.52515555555556
124.000000,2.000000,18.000000,18.000000,27.000000,1.000000,175.000000,70.000000,1.000000,"",5.000000,2.000000,2.000000,2.500000,1.65384615384615,2.94444444444444,3.250000,2.250000,4.750000,2.000000,4.500000,3.000000,5.000000,3.000000,4.000000,3.750000,22.85714285714286,2.000000,4.33333333333333,3.66666666666667,-0.392400,-1.05595555555556,-1.03265555555556,-1.03633333333333,-1.03343333333333,-1.03414074074074,-1.09015555555556,-1.19995555555556,-1.26402222222222,-0.18344444444444,0.00814444444444,-1.032500,-1.08431111111111,-0.96181111111111,0.39541111111111,-0.15727777777778,-0.76125555555556,-1.74035555555556,-1.50035555555556,-1.50785555555556,-1.58285555555556,-1.37995555555556,-1.56557777777778,-1.32556666666667,-1.14117777777778,0.17114444444444,-1.11228888888889,-0.56158888888889,-0.39924444444444,-0.52515555555556
125.000000,2.000000,18.000000,15.000000,21.000000,1.000000,172.000000,58.000000,1.000000,"",4.000000,2.000000,2.000000,2.700000,1.92307692307692,2.38888888888889,2.000000,4.750000,4.500000,2.500000,4.000000,4.000000,6.000000,4.000000,6.000000,5.000000,19.60519199567334,1.33333333333333,8.33333333333333,4.66666666666667,0.34093333333333,0.799600,2.222900,2.03033333333333,2.23323333333333,2.16215555555556,1.465400,1.52226666666667,1.02486666666667,-0.039000,-0.836300,0.567500,0.826800,0.51596666666667,-0.715700,-0.379500,0.34985555555556,-1.85146666666667,-1.61146666666667,-1.39674444444444,-1.61989259259259,-1.26884444444444,-1.84335555555556,0.06332222222222,-0.91895555555556,1.00447777777778,-0.61228888888889,0.327300,-0.28813333333333,0.25262222222222
126.000000,2.000000,18.000000,18.000000,20.000000,1.000000,174.000000,60.000000,1.000000,"",4.000000,1.000000,2.000000,2.850000,2.11538461538462,2.55555555555556,2.000000,4.000000,3.750000,3.750000,4.250000,4.000000,5.000000,3.000000,5.000000,4.250000,19.81767736821244,1.66666666666667,3.66666666666667,4.33333333333333,-0.00351111111111,-0.22262222222222,1.80067777777778,1.46366666666667,1.02212222222222,1.42882222222222,0.40984444444444,1.18893333333333,0.12486666666667,-0.239000,-0.10296666666667,-0.36583333333333,-0.08431111111111,0.03818888888889,0.284300,-0.21283333333333,-0.03903333333333,0.48186666666667,0.44408888888889,0.76992222222222,0.56529259259259,1.06448888888889,-0.34335555555556,0.06332222222222,-0.03006666666667,0.17114444444444,0.276600,-0.50603333333333,0.37853333333333,-1.13626666666667
127.000000,2.000000,18.000000,16.000000,19.000000,1.000000,163.000000,51.000000,1.000000,"",4.000000,2.000000,2.000000,2.475000,1.65384615384615,2.27777777777778,3.000000,2.750000,5.000000,3.000000,3.750000,6.000000,5.000000,4.000000,5.000000,5.000000,19.19530279649215,3.33333333333333,4.66666666666667,2.66666666666667,0.170100,0.749600,1.960400,1.734500,1.487400,1.72743333333333,0.465400,1.12226666666667,0.520700,-0.051500,0.438700,0.217500,0.026800,0.086800,-0.340700,-0.379500,-0.48347777777778,-1.35146666666667,-1.11146666666667,-1.39674444444444,-1.28655925925926,-0.93551111111111,-1.56557777777778,-0.60334444444444,-0.41895555555556,-0.05107777777778,-0.223400,0.10507777777778,0.43408888888889,-0.19182222222222
128.000000,2.000000,18.000000,16.000000,18.000000,1.000000,173.000000,70.000000,1.000000,"",4.000000,2.000000,2.000000,2.400000,2.38461538461538,2.77777777777778,4.500000,2.500000,5.000000,3.500000,3.250000,4.000000,7.000000,5.000000,4.000000,5.000000,23.38868655818771,5.66666666666667,7.33333333333333,6.000000,-0.017400,-0.062900,1.397900,0.984500,0.799900,1.06076666666667,0.215400,0.918100,0.520700,0.011000,0.063700,-0.095000,0.214300,0.274300,-0.403200,-0.129500,-0.37236666666667,-0.79591111111111,-0.33368888888889,-0.23007777777778,-0.45322592592593,0.23115555555556,-1.23224444444444,-1.04778888888889,-0.30784444444445,1.00447777777778,-1.33451111111111,-0.56158888888889,-1.17702222222222,-0.969600
129.000000,2.000000,18.000000,17.000000,28.000000,1.000000,172.000000,73.000000,1.000000,"",5.000000,2.000000,2.000000,2.450000,2.34615384615385,2.83333333333333,3.500000,4.750000,4.750000,3.250000,3.500000,4.000000,5.000000,2.000000,3.000000,3.500000,24.67550027041644,5.66666666666667,8.33333333333333,6.66666666666667,0.01936470588235,0.70548235294118,0.72878235294118,0.47347058823529,0.35872352941176,0.52032549019608,-0.06401176470588,0.20854117647059,0.31114117647059,0.23158823529412,-0.49512352941176,0.73220588235294,0.26209411764706,-0.17422941176471,0.34312352941176,0.03226470588235,-0.48347777777778,-0.29591111111111,-0.38924444444444,-0.34118888888889,-0.34211481481481,-0.15773333333333,0.10108888888889,-0.32556666666667,-0.08562222222222,0.06003333333333,0.55437777777778,-0.00603333333333,-0.34368888888889,-0.469600
130.000000,2.000000,18.000000,15.000000,20.000000,1.000000,173.000000,69.000000,1.000000,"",4.000000,2.000000,2.000000,2.500000,1.73076923076923,3.000000,2.000000,4.000000,4.250000,3.500000,3.500000,4.000000,6.000000,4.000000,5.000000,4.750000,23.05456246449931,4.66666666666667,5.66666666666667,3.000000,-0.12573333333333,0.199600,0.48956666666667,0.297000,-0.03343333333333,0.25104444444444,-0.334600,0.38893333333333,0.29153333333333,0.02766666666667,-0.30296666666667,0.83416666666667,0.426800,0.049300,-0.04903333333333,-0.379500,-0.705700,-1.684800,-1.444800,-1.50785555555556,-1.54581851851852,-1.37995555555556,-0.95446666666667,-1.04778888888889,-0.25228888888889,0.17114444444444,0.55437777777778,0.49396666666667,-0.62146666666667,0.41928888888889
131.000000,2.000000,18.000000,15.000000,20.000000,1.000000,178.000000,76.000000,2.000000,"",4.000000,2.000000,2.000000,2.550000,2.11538461538462,1.94444444444444,3.000000,3.500000,4.000000,2.750000,1.750000,4.000000,7.000000,4.000000,6.000000,5.250000,23.98687034465345,5.000000,9.000000,1.33333333333333,-0.05906666666667,0.26626666666667,0.15623333333333,0.03033333333333,0.03323333333333,0.07326666666667,-0.20126666666667,0.32226666666667,0.09153333333333,-0.37233333333333,-0.30296666666667,0.367500,0.56013333333333,0.049300,-0.78236666666667,-0.24616666666667,-1.205700,-1.184800,-1.00035555555556,-1.00785555555556,-1.06433703703704,-1.10217777777778,-1.95446666666667,-1.88112222222222,-1.47451111111111,1.11558888888889,-0.61228888888889,-0.50603333333333,-0.84368888888889,0.75262222222222
132.000000,2.000000,18.000000,15.000000,24.000000,1.000000,169.000000,58.000000,,"polyamor√∂se Beziehung(en)",5.000000,2.000000,2.000000,3.375000,2.76923076923077,4.44444444444444,4.500000,5.000000,4.500000,3.500000,4.000000,4.000000,6.000000,5.000000,7.000000,5.500000,20.30741220545499,8.33333333333333,9.000000,6.000000,0.207600,0.73293333333333,2.35623333333333,1.897000,1.56656666666667,1.93993333333333,0.73206666666667,1.32226666666667,0.62486666666667,0.161000,-0.10296666666667,0.43416666666667,0.49346666666667,0.11596666666667,-0.44903333333333,0.08716666666667,-0.92792222222222,-1.684800,-1.61146666666667,-1.61896666666667,-1.63841111111111,-1.54662222222222,-2.45446666666667,-1.49223333333333,-2.363400,1.17114444444444,0.22104444444444,0.43841111111111,-0.84368888888889,0.25262222222222
133.000000,2.000000,18.000000,17.000000,21.000000,1.000000,167.000000,61.000000,1.000000,"",4.000000,2.000000,2.000000,2.375000,1.57692307692308,2.27777777777778,4.500000,3.500000,4.250000,2.500000,4.000000,3.000000,5.000000,2.000000,3.000000,3.250000,21.87242281903259,2.66666666666667,9.000000,2.66666666666667,-0.03945882352941,0.29371764705882,0.43466470588235,0.12052941176471,-0.11186470588235,0.14777647058824,-0.35812941176471,0.44383529411765,0.13467058823529,0.11394117647059,-0.08335882352941,-0.50308823529412,-0.14967058823529,-0.17422941176471,0.284300,-0.08538235294118,0.57207777777778,0.20408888888889,-0.16702222222222,-0.00785555555556,0.00973703703704,0.34226666666667,-0.23224444444444,-0.38112222222222,0.02548888888889,-0.273300,0.38771111111111,0.16063333333333,-0.73257777777778,0.14151111111111
134.000000,3.000000,15.000000,15.000000,21.000000,1.000000,163.000000,69.000000,2.000000,"",4.000000,1.000000,2.000000,1.975000,1.96153846153846,2.22222222222222,4.750000,3.750000,4.750000,2.250000,3.500000,3.000000,3.000000,2.000000,2.000000,2.500000,25.97011554819527,1.33333333333333,7.000000,1.000000,-0.32573333333333,-0.13373333333333,-0.71043333333333,-0.703000,-0.63343333333333,-0.68228888888889,-0.66793333333333,-0.87773333333333,0.09153333333333,-0.17233333333333,0.89703333333333,-1.16583333333333,-0.773200,-0.01736666666667,-0.38236666666667,-0.11283333333333,1.36096666666667,-0.484800,-0.17813333333333,-0.452300,-0.37174444444444,-0.324400,-0.387800,0.541100,1.80326666666667,-0.83996666666667,0.50993333333333,0.09396666666667,1.71186666666667,1.56373333333333
135.000000,3.000000,15.000000,14.000000,22.000000,1.000000,163.000000,65.000000,1.000000,"",4.000000,2.000000,2.000000,2.875000,1.61538461538462,2.72222222222222,2.500000,3.750000,4.000000,3.250000,4.000000,4.000000,5.000000,3.000000,4.000000,4.000000,24.46460160337235,2.000000,3.33333333333333,3.000000,0.107600,0.21388571428571,1.522900,0.72557142857143,0.72847142857143,0.99231428571429,0.03682857142857,0.855600,0.10105714285714,-0.31042857142857,0.42084285714286,-0.17535714285714,0.09822857142857,-0.13641428571429,0.21287142857143,-0.23664285714286,-0.23903333333333,-1.75146666666667,-1.51146666666667,-1.452300,-1.57174444444444,-0.79106666666667,0.27886666666667,0.40776666666667,0.46993333333333,1.026700,0.576600,0.16063333333333,-0.354800,0.69706666666667
136.000000,3.000000,15.000000,15.000000,22.000000,1.000000,165.000000,62.000000,1.000000,"",4.000000,2.000000,2.000000,2.525000,2.19230769230769,2.61111111111111,2.500000,4.000000,3.750000,3.500000,3.500000,4.000000,6.000000,4.000000,5.000000,4.750000,22.77318640955005,6.66666666666667,8.000000,4.66666666666667,0.34093333333333,-0.06706666666667,1.822900,1.697000,1.899900,1.806600,0.99873333333333,1.32226666666667,0.62486666666667,-0.239000,0.43036666666667,-0.032500,-0.173200,0.31596666666667,-0.18236666666667,-0.179500,-0.17236666666667,-0.81813333333333,-0.644800,-0.31896666666667,-0.59396666666667,-0.724400,-0.25446666666667,0.341100,0.20326666666667,0.29336666666667,-1.55673333333333,-0.23936666666667,0.245200,-1.50293333333333
137.000000,3.000000,15.000000,15.000000,21.000000,1.000000,170.000000,59.000000,1.000000,"",4.000000,2.000000,2.000000,2.725000,2.30769230769231,3.55555555555556,3.000000,2.500000,2.500000,2.750000,3.000000,4.000000,5.000000,3.000000,5.000000,4.250000,20.41522491349481,2.33333333333333,5.33333333333333,2.000000,0.07426666666667,-0.33373333333333,0.68956666666667,0.96366666666667,1.03323333333333,0.89548888888889,1.465400,1.055600,0.02486666666667,-0.039000,1.03036666666667,-1.09916666666667,-0.90653333333333,0.11596666666667,0.284300,-0.24616666666667,-1.23903333333333,-1.484800,-1.31146666666667,-1.38563333333333,-1.39396666666667,-1.25773333333333,-2.25446666666667,-2.19223333333333,-2.063400,1.56003333333333,0.04326666666667,0.16063333333333,-1.88813333333333,-0.03626666666667
138.000000,3.000000,15.000000,15.000000,21.000000,1.000000,169.000000,60.000000,1.000000,"",4.000000,2.000000,2.000000,2.600000,2.73076923076923,3.500000,2.750000,3.250000,2.750000,2.500000,2.500000,4.000000,5.000000,4.000000,3.000000,4.000000,21.00766779874655,2.000000,6.000000,2.000000,-0.05906666666667,-0.73373333333333,0.622900,0.897000,0.499900,0.67326666666667,0.33206666666667,0.92226666666667,-0.50846666666667,-0.37233333333333,-0.16963333333333,-0.16583333333333,-0.50653333333333,-0.88403333333333,-0.18236666666667,-0.179500,-1.03903333333333,-1.684800,-1.444800,-1.452300,-1.527300,-1.124400,-1.187800,-0.59223333333333,-1.19673333333333,0.16003333333333,-0.35673333333333,-1.30603333333333,-0.754800,-0.569600
139.000000,3.000000,15.000000,15.000000,22.000000,1.000000,165.000000,74.000000,1.000000,"",4.000000,2.000000,2.000000,1.700000,1.80769230769231,2.11111111111111,3.750000,4.000000,4.000000,3.750000,2.250000,3.000000,4.000000,1.000000,2.000000,2.500000,27.18089990817264,2.33333333333333,8.000000,1.000000,-0.12573333333333,0.66626666666667,-0.64376666666667,-0.103000,0.099900,-0.21562222222222,-0.334600,-0.544400,0.69153333333333,0.69433333333333,-0.036300,0.70083333333333,0.96013333333333,0.71596666666667,-0.315700,0.08716666666667,1.694300,1.515200,-0.71146666666667,-1.18563333333333,-0.127300,0.34226666666667,1.612200,1.741100,1.80326666666667,-1.173300,1.70993333333333,1.227300,1.645200,-0.23626666666667
140.000000,3.000000,15.000000,15.000000,20.000000,1.000000,173.000000,73.000000,1.000000,"",4.000000,1.000000,1.000000,2.600000,1.69230769230769,2.16666666666667,2.250000,3.750000,4.000000,3.250000,3.500000,3.000000,4.000000,1.000000,2.000000,2.500000,24.39105883925290,1.33333333333333,2.66666666666667,1.33333333333333,-0.392400,-1.53373333333333,-1.64376666666667,-1.303000,-1.300100,-1.41562222222222,-1.40126666666667,-1.61106666666667,-1.441800,-0.77233333333333,0.963700,-1.29916666666667,-0.90653333333333,-1.61736666666667,-0.04903333333333,0.15383333333333,1.02763333333333,-0.55146666666667,-1.044800,-1.452300,-1.01618888888889,1.20893333333333,1.412200,0.741100,0.60326666666667,-0.83996666666667,0.50993333333333,0.09396666666667,0.31186666666667,0.29706666666667
141.000000,3.000000,15.000000,14.000000,20.000000,1.000000,179.000000,60.000000,1.000000,"",4.000000,2.000000,2.000000,2.425000,2.07692307692308,2.61111111111111,4.500000,2.750000,3.750000,2.500000,4.000000,2.000000,4.000000,2.000000,3.000000,2.750000,18.72600730314285,4.000000,4.000000,4.000000,-0.17811428571429,-0.92897142857143,0.09432857142857,0.01128571428571,-0.12867142857143,-0.00768571428571,-0.534600,-0.00154285714286,-0.75608571428571,-1.239000,0.92084285714286,-2.032500,-0.68748571428571,-0.63641428571429,-0.42998571428571,0.120500,0.16096666666667,-1.01813333333333,-1.044800,-0.58563333333333,-0.88285555555556,-0.25773333333333,-0.987800,-0.32556666666667,0.06993333333333,0.16003333333333,-0.423400,-0.372700,-0.48813333333333,-0.50293333333333
142.000000,3.000000,15.000000,15.000000,23.000000,1.000000,166.000000,61.000000,1.000000,"",4.000000,1.000000,1.000000,1.700000,1.34615384615385,1.44444444444444,2.750000,2.750000,5.000000,4.000000,3.000000,2.000000,3.000000,1.000000,2.000000,2.000000,22.13673973000436,1.000000,4.66666666666667,3.000000,-0.192400,0.199600,-0.577100,-0.36966666666667,-0.16676666666667,-0.37117777777778,-0.334600,-0.544400,0.358200,0.09433333333333,-0.436300,-0.49916666666667,-0.30653333333333,-0.28403333333333,-0.04903333333333,-0.11283333333333,0.56096666666667,-1.684800,-1.444800,-1.252300,-1.46063333333333,-0.79106666666667,-1.387800,-0.32556666666667,-0.663400,0.826700,0.44326666666667,0.76063333333333,-0.28813333333333,0.29706666666667
143.000000,3.000000,15.000000,15.000000,25.000000,1.000000,165.000000,49.000000,1.000000,"",5.000000,2.000000,2.000000,3.075000,2.15384615384615,3.38888888888889,3.500000,4.000000,4.500000,2.750000,4.000000,4.000000,6.000000,3.000000,6.000000,4.750000,17.99816345270891,1.33333333333333,5.000000,2.000000,0.407600,0.13293333333333,2.68956666666667,2.697000,2.43323333333333,2.606600,2.265400,1.855600,0.49153333333333,0.761000,-0.836300,1.10083333333333,0.29346666666667,-0.08403333333333,0.884300,-0.24616666666667,-0.37236666666667,-1.61813333333333,-1.37813333333333,-1.38563333333333,-1.46063333333333,-1.25773333333333,-0.92113333333333,0.07443333333333,-0.663400,0.226700,-0.423400,-0.70603333333333,1.51186666666667,-0.969600
144.000000,3.000000,15.000000,15.000000,19.000000,1.000000,167.000000,69.000000,1.000000,"",4.000000,2.000000,2.000000,2.700000,2.34615384615385,2.83333333333333,2.500000,3.750000,3.250000,2.750000,3.250000,4.000000,6.000000,2.000000,5.000000,4.250000,24.74093728710244,3.000000,7.000000,5.33333333333333,0.07426666666667,0.06626666666667,0.48956666666667,0.63033333333333,0.83323333333333,0.65104444444444,-0.06793333333333,0.12226666666667,0.22486666666667,-0.17233333333333,-0.30296666666667,0.43416666666667,-0.23986666666667,-0.150700,0.15096666666667,0.020500,0.494300,1.515200,1.555200,1.547700,1.53936666666667,1.54226666666667,0.54553333333333,0.00776666666667,1.06993333333333,-0.43996666666667,0.64326666666667,0.227300,1.045200,0.69706666666667
145.000000,3.000000,15.000000,15.000000,18.000000,1.000000,168.000000,55.000000,1.000000,"",4.000000,1.000000,2.000000,2.675000,2.26923076923077,3.38888888888889,3.000000,4.000000,4.500000,3.000000,3.750000,5.000000,7.000000,7.000000,6.000000,6.250000,19.48696145124717,5.000000,7.33333333333333,7.66666666666667,0.607600,0.46626666666667,2.48956666666667,3.097000,3.23323333333333,2.93993333333333,3.33206666666667,2.52226666666667,1.69153333333333,0.82766666666667,-0.36963333333333,1.167500,1.026800,1.049300,0.61763333333333,-0.24616666666667,0.62763333333333,-0.61813333333333,-0.71146666666667,-0.78563333333333,-0.70507777777778,-0.99106666666667,-1.187800,0.07443333333333,0.06993333333333,1.026700,0.176600,-0.772700,-0.08813333333333,-0.569600
146.000000,3.000000,15.000000,14.000000,25.000000,1.000000,170.000000,68.000000,1.000000,"",4.000000,2.000000,2.000000,3.125000,2.07692307692308,2.500000,2.250000,4.750000,4.500000,4.250000,3.750000,3.000000,5.000000,3.000000,3.000000,3.500000,23.52941176470588,8.66666666666667,9.000000,7.33333333333333,0.17902857142857,0.14245714285714,0.73718571428571,1.01128571428571,1.299900,1.01612380952381,0.82254285714286,0.855600,0.81534285714286,0.68957142857143,-0.29344285714286,0.75321428571429,1.09822857142857,0.57787142857143,0.57001428571429,0.04907142857143,-0.23903333333333,0.78186666666667,0.82186666666667,0.88103333333333,0.82825555555556,0.275600,0.212200,0.141100,-0.263400,0.16003333333333,-0.75673333333333,-0.50603333333333,-0.88813333333333,-0.10293333333333
201.000000,1.000000,14.000000,11.000000,25.000000,2.000000,183.000000,74.000000,1.000000,"",4.000000,,2.000000,2.450000,2.23076923076923,3.27777777777778,3.250000,2.750000,4.750000,3.750000,2.000000,2.000000,4.000000,5.000000,3.000000,3.500000,22.09680790707396,1.33333333333333,9.000000,7.000000,-0.30149090909091,-0.54585454545455,-1.977100,-1.61209090909091,-1.51828181818182,-1.70249090909091,-0.89823636363636,-1.78076363636364,-0.31452727272727,0.12463636363636,0.29097272727273,-0.94159090909091,-0.33683636363636,0.10384545454545,0.10248181818182,0.16595454545455,0.60199230769231,2.46904615384615,2.70904615384615,2.31693076923077,2.49834102564103,1.52175384615385,0.75066153846154,-0.19736153846154,-0.63263076923077,0.38054615384615,0.00736923076923,-0.24962307692308,-0.72403076923077,0.64578461538462
202.000000,1.000000,14.000000,13.000000,26.000000,2.000000,177.000000,82.000000,1.000000,"",5.000000,,2.000000,2.825000,1.46153846153846,1.77777777777778,1.750000,4.750000,2.750000,3.750000,2.250000,5.000000,5.000000,3.000000,6.000000,4.750000,26.17383255131029,6.33333333333333,8.33333333333333,7.66666666666667,-0.00778461538462,-0.000400,-1.51556153846154,-1.39530769230769,-0.93086923076923,-1.28057948717949,-0.14998461538462,0.08636923076923,0.41973846153846,0.37638461538462,-0.436300,0.73673076923077,0.94987692307692,0.41853076923077,0.13045384615385,0.00511538461538,0.43715714285714,1.10091428571429,0.84091428571429,0.83341428571429,0.92508095238095,0.175600,0.28362857142857,0.841100,0.49374285714286,-0.273300,1.49088571428571,1.47015714285714,0.545200,0.030400
203.000000,1.000000,14.000000,11.000000,19.000000,2.000000,192.000000,75.000000,1.000000,"",4.000000,,2.000000,2.700000,2.23076923076923,3.55555555555556,3.250000,3.250000,4.500000,3.000000,4.250000,2.000000,3.000000,1.000000,3.000000,2.250000,20.34505208333333,5.33333333333333,7.000000,7.66666666666667,-0.11967272727273,-0.36403636363636,-1.15891818181818,-1.43027272727273,-0.97282727272727,-1.18733939393939,-0.62550909090909,-0.50803636363636,-0.13270909090909,-0.69354545454545,-0.61811818181818,-0.12340909090909,0.29952727272727,0.28566363636364,0.19339090909091,0.34777272727273,-0.43903333333333,1.64853333333333,1.355200,1.08103333333333,1.36158888888889,0.20893333333333,0.47886666666667,0.20776666666667,-0.33006666666667,0.626700,-0.95673333333333,-0.172700,0.31186666666667,-0.10293333333333
204.000000,1.000000,14.000000,10.000000,20.000000,2.000000,183.000000,76.000000,1.000000,"",4.000000,,2.000000,2.800000,1.69230769230769,4.22222222222222,1.250000,4.500000,4.250000,4.250000,2.000000,4.000000,5.000000,2.000000,5.000000,4.000000,22.69401893158948,3.66666666666667,9.000000,8.66666666666667,0.007600,-0.600400,-0.877100,-1.003000,-1.100100,-0.993400,-0.734600,-0.444400,-1.041800,-0.339000,-0.636300,-1.232500,-1.073200,-1.250700,-0.915700,-0.279500,-0.34855714285714,-0.11337142857143,-0.37337142857143,-0.73801428571429,-0.40825238095238,-0.89582857142857,-0.64494285714286,-1.01604285714286,-0.863400,0.65527142857143,0.84802857142857,0.827300,-0.52622857142857,0.67325714285714
205.000000,1.000000,14.000000,14.000000,28.000000,2.000000,162.000000,72.000000,1.000000,"",5.000000,,2.000000,2.475000,1.84615384615385,2.33333333333333,3.250000,2.250000,1.750000,3.000000,2.000000,1.000000,3.000000,1.000000,2.000000,1.750000,27.43484224965706,3.66666666666667,5.66666666666667,5.66666666666667,-0.32097142857143,-0.21468571428571,-1.83424285714286,-1.63157142857143,-1.62867142857143,-1.69816190476190,-1.32031428571429,-2.21582857142857,-0.32751428571429,-0.02471428571429,0.27798571428571,0.18178571428571,-0.11605714285714,0.00644285714286,1.42715714285714,0.620500,1.08001428571429,0.95805714285714,1.19805714285714,1.97627142857143,1.37746190476190,1.60417142857143,1.78362857142857,0.841100,0.636600,0.29812857142857,0.13374285714286,-0.45841428571429,0.045200,0.030400
206.000000,1.000000,14.000000,14.000000,19.000000,2.000000,177.000000,80.000000,1.000000,"",4.000000,,2.000000,2.400000,2.46153846153846,2.66666666666667,1.000000,3.750000,3.750000,2.250000,2.250000,4.000000,3.000000,1.000000,2.000000,2.500000,25.53544639152223,5.33333333333333,7.66666666666667,1.000000,-0.392400,-0.21468571428571,-1.90567142857143,-1.63157142857143,-1.62867142857143,-1.72197142857143,-1.32031428571429,-2.07297142857143,-0.39894285714286,-0.52471428571429,0.84941428571429,-0.81821428571429,-1.04462857142857,0.43501428571429,-1.28712857142857,0.120500,-2.27712857142857,1.95805714285714,0.98377142857143,0.047700,0.99650952380952,-0.18154285714286,1.06934285714286,0.05538571428571,0.42231428571429,-0.34472857142857,-0.36625714285714,-0.672700,-0.16908571428571,-0.54102857142857
207.000000,1.000000,14.000000,12.000000,21.000000,2.000000,179.000000,72.000000,1.000000,"",4.000000,,2.000000,3.125000,1.96153846153846,2.33333333333333,1.250000,5.000000,4.750000,2.750000,4.000000,3.000000,6.000000,2.000000,6.000000,4.250000,22.47120876377142,8.33333333333333,6.33333333333333,9.000000,-0.22573333333333,-0.250400,-1.64376666666667,-1.11966666666667,-1.11676666666667,-1.293400,-1.11793333333333,-1.47773333333333,-0.291800,-0.989000,-0.10296666666667,0.217500,0.276800,0.31596666666667,-1.79903333333333,0.53716666666667,-2.705700,3.02948571428571,2.76948571428571,2.69055714285714,2.82984285714286,2.03274285714286,1.56934285714286,1.19824285714286,0.92231428571429,-1.48758571428571,0.49088571428571,0.97015714285714,1.40234285714286,0.67325714285714
208.000000,1.000000,14.000000,14.000000,29.000000,2.000000,189.000000,71.000000,1.000000,"",4.000000,,2.000000,2.250000,2.03846153846154,2.72222222222222,2.250000,2.750000,3.250000,3.500000,2.500000,3.000000,5.000000,4.000000,7.000000,4.750000,19.87626326250665,2.000000,6.66666666666667,3.33333333333333,0.107600,0.07102857142857,-0.90567142857143,-0.91728571428571,-0.48581428571429,-0.76959047619048,-0.10602857142857,0.49845714285714,-0.18465714285714,0.68957142857143,-1.29344285714286,0.75321428571429,0.38394285714286,-0.13641428571429,0.57001428571429,0.19192857142857,0.294300,1.74377142857143,2.12662857142857,2.19055714285714,2.02031904761905,1.60417142857143,0.56934285714286,0.55538571428571,0.06517142857143,0.15527142857143,-0.723400,-1.02984285714286,-0.02622857142857,-0.75531428571429
209.000000,1.000000,14.000000,13.000000,22.000000,2.000000,190.000000,70.000000,2.000000,"",4.000000,,2.000000,2.500000,2.42307692307692,3.55555555555556,2.500000,3.750000,4.500000,3.750000,4.000000,3.000000,3.000000,2.000000,2.000000,2.500000,19.39058171745152,2.66666666666667,6.66666666666667,7.000000,-0.08470769230769,-0.07732307692308,-1.66940769230769,-1.62607692307692,-1.39240769230769,-1.56263076923077,-0.61152307692308,-0.75978461538462,-0.81103076923077,-0.39284615384615,0.02523846153846,0.19826923076923,-0.28089230769231,-0.58146923076923,0.36122307692308,0.23588461538462,0.15144285714286,-1.25622857142857,-0.65908571428571,-0.59515714285714,-0.83682380952381,-0.89582857142857,0.92648571428571,0.341100,0.20802857142857,0.726700,0.34802857142857,-0.10127142857143,0.18805714285714,1.030400
210.000000,1.000000,14.000000,14.000000,27.000000,2.000000,178.000000,79.000000,1.000000,"",5.000000,,2.000000,2.475000,1.57692307692308,2.72222222222222,2.750000,2.750000,4.750000,4.750000,2.750000,4.000000,4.000000,5.000000,6.000000,4.750000,24.93372048983714,3.000000,9.000000,6.000000,-0.32097142857143,-0.85754285714286,-1.61995714285714,-1.56014285714286,-1.55724285714286,-1.57911428571429,-1.24888571428571,-1.57297142857143,-1.18465714285714,0.61814285714286,0.84941428571429,-1.60392857142857,-1.40177142857143,-1.13641428571429,0.64144285714286,0.40621428571429,-0.205700,1.95805714285714,2.055200,1.97627142857143,1.99650952380952,1.38988571428571,1.712200,0.19824285714286,-0.29197142857143,-0.13044285714286,-1.43768571428571,-0.88698571428571,-0.24051428571429,0.030400
211.000000,1.000000,14.000000,13.000000,26.000000,2.000000,183.000000,76.000000,1.000000,"",4.000000,,2.000000,3.450000,1.84615384615385,2.83333333333333,1.250000,4.500000,4.750000,3.500000,4.250000,4.000000,4.000000,6.000000,5.000000,4.750000,22.69401893158948,8.33333333333333,9.000000,8.000000,0.29990769230769,1.15344615384615,-0.28479230769231,-0.31838461538462,-0.16163846153846,-0.25493846153846,0.54232307692308,0.62483076923077,1.18896923076923,0.53023076923077,-0.74399230769231,1.65980769230769,1.026800,1.26468461538462,0.51506923076923,-0.07180769230769,-0.91998571428571,-0.39908571428571,-0.01622857142857,-0.09515714285714,-0.17015714285714,-0.824400,-0.93065714285714,-1.23032857142857,-0.29197142857143,0.726700,-0.29482857142857,-0.10127142857143,-0.02622857142857,-0.18388571428571
214.000000,2.000000,19.000000,18.000000,29.000000,2.000000,189.000000,71.000000,1.000000,"",4.000000,,2.000000,2.250000,2.03846153846154,2.72222222222222,2.250000,2.750000,3.250000,3.500000,2.500000,3.000000,5.000000,3.000000,6.000000,4.250000,19.87626326250665,2.000000,6.66666666666667,3.33333333333333,-0.00351111111111,0.88848888888889,-0.08821111111111,-0.09188888888889,-0.14454444444444,-0.10821481481481,0.02095555555556,0.24448888888889,0.458200,0.70544444444444,-1.15852222222222,0.967500,0.80457777777778,-0.12847777777778,-0.16014444444444,0.00938888888889,1.45219473684211,1.73625263157895,1.87098947368421,1.86348947368421,1.82357719298246,1.25454736842105,0.52798947368421,0.341100,-0.07392631578947,-0.14172105263158,-1.06550526315789,-0.85691052631579,-0.37585263157895,-0.81170526315789
215.000000,2.000000,19.000000,17.000000,26.000000,2.000000,190.000000,83.000000,1.000000,"",5.000000,,2.000000,3.650000,3.500000,4.83333333333333,2.250000,4.750000,5.000000,1.500000,3.500000,2.000000,3.000000,3.000000,3.000000,2.750000,22.99168975069252,8.000000,9.000000,8.000000,-0.03945882352941,0.41136470588235,-1.03592352941176,-0.703000,-0.52362941176471,-0.75418431372549,0.28892941176471,-0.08557647058824,-0.33591764705882,0.761000,-0.78924117647059,0.55573529411765,0.32091764705882,-0.58599411764706,1.16665294117647,-0.02655882352941,-0.705700,-0.15848421052632,-0.65532631578947,-1.03124736842105,-0.61501929824561,-1.324400,0.212200,0.39373157894737,0.08396842105263,0.01617368421053,0.61870526315789,0.72203684210526,0.25572631578947,-0.28538947368421
216.000000,2.000000,19.000000,19.000000,23.000000,2.000000,177.000000,83.000000,1.000000,"",5.000000,,1.000000,2.800000,1.42307692307692,1.61111111111111,2.000000,4.000000,4.000000,3.500000,3.750000,4.000000,4.000000,4.000000,2.000000,3.500000,26.49302563120431,1.66666666666667,4.66666666666667,4.66666666666667,-0.18187368421053,-0.15829473684211,-0.87183684210526,-0.80826315789474,-0.75273157894737,-0.81094385964912,-0.37670526315789,-0.88124210526316,-0.67337894736842,-0.13373684210526,-0.54156315789474,-0.40092105263158,-0.18372631578947,-0.24543684210526,-0.13675263157895,-0.27423684210526,0.24166842105263,-0.10585263157895,-0.12901052631579,-0.18914210526316,-0.14133508771930,-0.53492631578947,0.212200,-0.02732105263158,-0.49497894736842,-0.24698421052632,-0.01287368421053,0.09045789473684,-0.11269473684210,-0.39065263157895
217.000000,2.000000,19.000000,19.000000,22.000000,2.000000,180.000000,70.000000,1.000000,"",4.000000,,1.000000,2.700000,2.07692307692308,2.55555555555556,3.250000,2.750000,4.500000,4.000000,4.000000,4.000000,5.000000,4.000000,3.000000,4.000000,21.60493827160494,3.000000,8.000000,7.33333333333333,0.08128421052632,0.31538947368421,-0.55604736842105,-0.54510526315789,-0.33167894736842,-0.47761052631579,-0.00828421052632,0.22402105263158,-0.041800,-0.44952631578947,0.563700,-0.19039473684211,-0.28898947368421,-0.03491052631579,-0.08412105263158,0.09418421052632,-0.44254210526316,1.63098947368421,1.50256842105263,0.38980526315789,1.17445438596491,-0.74545263157895,0.212200,-0.50100526315789,-0.70550526315790,-0.24698421052632,-0.38129473684211,-0.27796315789474,-0.58637894736842,0.18829473684211
218.000000,2.000000,19.000000,18.000000,31.000000,2.000000,186.000000,83.000000,1.000000,"",4.000000,,2.000000,2.575000,2.30769230769231,3.22222222222222,3.750000,3.750000,4.500000,3.250000,4.000000,4.000000,3.000000,3.000000,3.000000,3.250000,23.99121285697768,1.66666666666667,7.33333333333333,8.000000,-0.22573333333333,-0.05595555555556,-1.81043333333333,-1.59188888888889,-1.47787777777778,-1.62673333333333,-0.75682222222222,-1.69995555555556,-0.59735555555556,0.31655555555556,0.34147777777778,0.91194444444444,0.19346666666667,0.149300,0.56207777777778,-0.21283333333333,2.50482631578947,1.73625263157895,1.29204210526316,0.60033157894737,1.20954210526316,0.09665263157895,2.52798947368421,1.55162631578947,1.92607368421053,-2.24698421052632,0.98712631578947,0.61677368421053,1.67677894736842,0.24092631578947
219.000000,2.000000,19.000000,19.000000,27.000000,2.000000,175.000000,55.000000,1.000000,"",4.000000,,2.000000,2.300000,1.92307692307692,2.72222222222222,4.250000,2.750000,5.000000,3.750000,4.250000,4.000000,4.000000,3.000000,5.000000,4.000000,17.95918367346939,1.000000,6.000000,4.33333333333333,-0.392400,-0.84250526315789,-1.92446842105263,-1.54510526315789,-1.48957368421053,-1.65304912280702,-1.16617894736842,-1.98650526315789,-1.19969473684211,0.33994736842105,1.40580526315789,-1.92723684210526,-1.02583157894737,-0.50859473684211,1.12640526315789,0.25207894736842,2.34693157894737,2.15730526315789,2.18677894736842,2.96875263157895,2.43761228070175,2.675600,2.15956842105263,1.65688947368421,1.08396842105263,-0.87856315789474,0.72396842105263,-0.33059473684211,1.20309473684211,0.030400
220.000000,2.000000,19.000000,12.000000,21.000000,2.000000,177.000000,70.000000,1.000000,"",4.000000,,2.000000,2.850000,2.38461538461538,3.05555555555556,2.750000,3.500000,3.750000,3.750000,3.250000,3.000000,2.000000,2.000000,2.000000,2.250000,22.34351559258195,3.000000,6.33333333333333,7.33333333333333,0.02426666666667,-0.41706666666667,-0.727100,-0.453000,-0.28343333333333,-0.48784444444444,0.465400,-0.22773333333333,-0.20846666666667,-0.57233333333333,-0.26963333333333,0.217500,0.19346666666667,-0.51736666666667,-0.54903333333333,0.20383333333333,-0.86359473684211,-1.00058947368421,-0.76058947368421,-0.92598421052632,-0.89572105263158,-1.324400,-1.20885263157895,-1.23784736842105,-1.81076842105263,1.226700,0.776600,0.30098421052632,-2.11269473684210,1.29355789473684
221.000000,2.000000,19.000000,19.000000,32.000000,2.000000,178.000000,85.000000,1.000000,"",5.000000,,2.000000,2.325000,2.76923076923077,4.27777777777778,4.000000,1.000000,4.250000,2.000000,2.250000,3.000000,3.000000,3.000000,3.000000,3.000000,26.82742078020452,1.000000,9.000000,9.000000,-0.28713684210526,-0.84250526315789,-1.60867894736842,-1.38721052631579,-1.38431052631579,-1.46006666666667,-1.11354736842105,-1.72334736842105,-1.09443157894737,-0.34426315789474,0.24791052631579,-0.55881578947368,-0.60477894736842,-0.61385789473684,-0.08412105263158,-0.11634210526316,1.87324736842105,2.20993684210526,2.29204210526316,2.23191052631579,2.24462982456140,1.41244210526316,1.84377894736842,2.07794210526316,1.61028421052632,-1.98382631578947,0.51344210526316,1.03782631578947,1.72941052631579,0.87250526315789
222.000000,2.000000,19.000000,19.000000,29.000000,2.000000,170.000000,67.000000,1.000000,"",4.000000,,2.000000,2.425000,1.96153846153846,2.27777777777778,4.000000,2.250000,3.750000,2.500000,2.250000,3.000000,3.000000,3.000000,5.000000,3.500000,23.18339100346021,3.33333333333333,5.33333333333333,7.33333333333333,-0.18187368421053,0.31538947368421,-1.60867894736842,-1.38721052631579,-1.27904736842105,-1.42497894736842,-0.16617894736842,-0.72334736842105,-0.041800,-0.08110526315789,0.66896315789474,-0.66407894736842,0.18469473684211,0.38614210526316,0.23166842105263,-0.01107894736842,0.18903684210526,1.42046315789474,1.39730526315789,1.44243684210526,1.42006842105263,1.30717894736842,0.58062105263158,-0.07995263157895,-0.23182105263158,0.59512105263158,0.67133684210526,0.72203684210526,-0.79690526315789,0.66197894736842
223.000000,2.000000,19.000000,17.000000,22.000000,2.000000,196.000000,90.000000,2.000000,"",4.000000,,2.000000,2.425000,1.76923076923077,1.72222222222222,1.500000,4.500000,3.750000,2.750000,2.250000,4.000000,6.000000,4.000000,5.000000,4.750000,23.42773844231570,6.000000,9.000000,4.33333333333333,0.43112941176471,1.17607058823529,0.78760588235294,0.70876470588235,0.77048823529412,0.75561960784314,0.52422352941176,1.14971764705882,1.01702352941176,0.29041176470588,-1.67159411764706,1.61455882352941,1.55621176470588,0.88459411764706,-0.715700,0.09108823529412,0.34693157894737,0.89414736842105,0.66046315789474,-0.24177368421053,0.43761228070175,-0.64018947368421,0.10693684210526,-0.18521578947368,-0.44234736842105,0.27933157894737,-0.43392631578947,-0.12006842105263,-0.63901052631579,-0.23275789473684
224.000000,2.000000,19.000000,15.000000,23.000000,2.000000,183.000000,70.000000,1.000000,"",4.000000,,2.000000,2.825000,2.26923076923077,2.72222222222222,3.000000,4.000000,4.000000,2.000000,3.750000,5.000000,6.000000,4.000000,6.000000,5.250000,20.90238585804294,4.33333333333333,9.000000,7.33333333333333,0.14093333333333,0.86626666666667,-0.377100,-0.76966666666667,-0.03343333333333,-0.393400,0.73206666666667,0.055600,0.69153333333333,0.49433333333333,-1.10296666666667,1.03416666666667,0.826800,0.58263333333333,-0.115700,0.08716666666667,-1.07412105263158,0.26256842105263,0.23941052631579,0.17927894736842,0.22708596491228,-0.16650526315789,-1.10358947368421,-1.71153157894737,-1.54761052631579,1.226700,0.56607368421053,0.66940526315789,-0.42848421052632,0.45145263157895
225.000000,2.000000,19.000000,18.000000,20.000000,2.000000,175.000000,55.000000,1.000000,"",4.000000,,2.000000,2.525000,2.34615384615385,3.61111111111111,2.500000,3.500000,4.000000,3.000000,3.750000,5.000000,4.000000,6.000000,6.000000,5.250000,17.95918367346939,1.000000,5.66666666666667,6.66666666666667,-0.28128888888889,-1.11151111111111,-1.75487777777778,-1.48077777777778,-1.36676666666667,-1.53414074074074,-1.034600,-2.19995555555556,-1.541800,0.20544444444444,1.78592222222222,-1.532500,-0.58431111111111,-0.51736666666667,0.22874444444444,0.56494444444444,-0.33727894736842,2.42046315789474,2.60783157894737,2.23191052631579,2.42006842105263,2.14928421052632,1.00167368421053,0.65688947368421,-0.44234736842105,-0.14172105263158,-0.38129473684211,-0.12006842105263,-0.27058947368421,-0.54854736842105
226.000000,2.000000,19.000000,19.000000,26.000000,2.000000,178.000000,65.000000,1.000000,"",5.000000,,2.000000,2.550000,2.03846153846154,3.38888888888889,4.000000,2.750000,4.500000,2.750000,2.500000,6.000000,7.000000,5.000000,7.000000,6.250000,20.51508647897992,5.33333333333333,7.000000,6.000000,0.23917894736842,1.10486315789474,-0.08236315789474,0.03384210526316,0.40516315789474,0.11888070175439,0.99171578947368,0.855600,0.74767368421053,0.07678947368421,-0.38366842105263,0.17802631578947,0.39522105263158,0.38614210526316,-0.87359473684211,-0.06371052631579,0.82061578947368,1.05204210526316,1.02888421052632,1.33717368421053,1.13936666666667,0.14928421052632,0.42272631578947,0.60425789473684,-0.54761052631579,-0.24698421052632,-0.74971578947368,-0.80427894736842,-0.00743157894737,-1.12749473684211
227.000000,2.000000,19.000000,12.000000,20.000000,2.000000,182.000000,82.000000,1.000000,"",4.000000,,2.000000,2.650000,2.19230769230769,3.05555555555556,3.500000,4.000000,4.250000,3.000000,3.250000,3.000000,5.000000,4.000000,5.000000,4.250000,24.75546431590388,3.33333333333333,8.33333333333333,6.33333333333333,0.02426666666667,-0.58373333333333,-1.34073636363636,-1.06663636363636,-0.450100,-0.95249090909091,0.215400,0.52226666666667,-0.291800,-0.239000,-0.936300,1.30083333333333,0.776800,0.06596666666667,-0.88236666666667,-0.21283333333333,-1.86359473684211,-1.21111578947368,-1.02374736842105,-0.87335263157895,-1.03607192982456,-1.16650526315789,-1.94569473684211,-2.50100526315789,-2.17918947368421,2.48985789473684,0.67133684210526,0.827300,-2.16532631578947,1.50408421052632
228.000000,2.000000,19.000000,19.000000,24.000000,2.000000,185.000000,75.000000,1.000000,"",4.000000,,2.000000,2.000000,1.92307692307692,2.33333333333333,3.750000,3.000000,3.000000,2.000000,2.000000,3.000000,4.000000,2.000000,2.000000,2.750000,21.91380569758948,4.33333333333333,6.000000,8.000000,-0.28713684210526,-1.05303157894737,-1.87183684210526,-1.59773684210526,-1.59483684210526,-1.68813684210526,-1.00828421052632,-2.19703157894737,-1.56811578947368,-0.92321052631579,1.14264736842105,-0.66407894736842,-0.92056842105263,-0.56122631578947,-1.29464736842105,-0.32686842105263,0.82061578947368,2.78888421052632,-0.76058947368421,-1.29440526315789,0.24462982456140,-0.48229473684211,2.00167368421053,0.97267894736842,0.87344210526316,-1.29961578947368,-0.06550526315789,0.40624736842105,1.15046315789474,0.76724210526316
229.000000,2.000000,19.000000,17.000000,27.000000,2.000000,186.000000,90.000000,1.000000,"",4.000000,,2.000000,3.025000,2.80769230769231,4.000000,2.750000,3.500000,4.750000,1.750000,3.250000,2.000000,4.000000,2.000000,3.000000,2.750000,26.01456815816857,6.33333333333333,7.000000,6.66666666666667,-0.33357647058824,-0.35334117647059,-1.62415882352941,-1.52652941176471,-1.52362941176471,-1.55810588235294,-1.00518823529412,-1.96792941176471,-0.98297647058824,0.17276470588235,-0.20100588235294,0.43808823529412,0.37974117647059,-0.29187647058824,-0.00981764705882,0.44402941176471,0.18903684210526,0.36783157894737,-0.23427368421053,-0.13651052631579,-0.00098421052632,-0.21913684210526,1.10693684210526,-0.23784736842105,-0.38971578947368,0.12143684210526,-1.223400,-1.12006842105263,-0.58637894736842,-1.12749473684211
230.000000,2.000000,19.000000,18.000000,25.000000,2.000000,190.000000,90.000000,1.000000,"",4.000000,,2.000000,3.050000,2.23076923076923,3.05555555555556,1.250000,4.750000,4.250000,2.500000,3.250000,5.000000,5.000000,4.000000,5.000000,4.750000,24.93074792243767,2.33333333333333,8.000000,7.33333333333333,0.05204444444444,0.88848888888889,-0.53265555555556,-0.36966666666667,-0.36676666666667,-0.42302962962963,0.52095555555556,0.24448888888889,0.40264444444444,0.261000,-0.76963333333333,1.35638888888889,1.026800,0.42707777777778,0.00652222222222,-0.10172222222222,-2.38991052631579,-0.89532631578947,-0.28690526315789,-0.24177368421053,-0.47466842105263,-0.324400,-0.787800,-1.02732105263158,-1.17918947368421,0.70038421052632,0.09238947368421,0.03782631578947,-1.06006315789474,0.030400
231.000000,2.000000,19.000000,19.000000,26.000000,2.000000,179.000000,70.000000,2.000000,"",4.000000,,2.000000,2.500000,2.07692307692308,1.77777777777778,1.500000,3.500000,4.000000,2.500000,3.500000,4.000000,4.000000,3.000000,4.000000,3.750000,21.84700852033332,5.66666666666667,9.000000,6.000000,-0.23450526315789,-0.68461052631579,-1.29288947368421,-1.22931578947368,-1.12115263157895,-1.21445263157895,-0.90302105263158,-1.19703157894737,-0.67337894736842,-0.239000,0.51106842105263,-0.50618421052632,-0.55214736842105,-0.45596315789474,0.23166842105263,0.46260526315789,0.87324736842105,1.99941052631579,2.29204210526316,1.91612105263158,2.06919122807018,0.25454736842105,1.31746315789474,0.70952105263158,0.92607368421053,-1.35224736842105,0.35554736842105,0.93256315789474,1.045200,-0.81170526315789
232.000000,3.000000,13.000000,13.000000,25.000000,2.000000,168.000000,65.000000,1.000000,"",,,2.000000,3.250000,1.92307692307692,2.94444444444444,1.750000,4.750000,4.750000,1.750000,3.500000,4.000000,4.000000,2.000000,4.000000,3.500000,23.03004535147393,4.33333333333333,7.33333333333333,6.66666666666667,-0.23855384615385,-0.07732307692308,-0.51556153846154,-0.54915384615385,-0.62317692307692,-0.56263076923077,-0.61152307692308,-0.45209230769231,-0.58026153846154,-0.46976923076923,-0.82091538461539,0.58288461538462,0.25756923076923,-0.81223846153846,0.05353076923077,-0.07180769230769,0.67891538461538,1.23827692307692,0.40135384615385,1.16308461538462,0.93423846153846,0.36790769230769,0.67373846153846,0.57186923076923,0.82890769230769,-0.08099230769231,0.31506153846154,0.51960769230769,0.27596923076923,0.49193846153846
233.000000,3.000000,13.000000,11.000000,25.000000,2.000000,178.000000,85.000000,1.000000,"",4.000000,,1.000000,2.375000,2.19230769230769,2.55555555555556,2.000000,3.750000,4.000000,3.750000,2.500000,4.000000,6.000000,4.000000,6.000000,5.000000,26.82742078020452,3.000000,8.33333333333333,6.33333333333333,-0.11967272727273,0.09050909090909,-1.61346363636364,-1.33936363636364,-1.33646363636364,-1.42976363636364,-0.62550909090909,-0.23530909090909,-0.67816363636364,0.12463636363636,0.92733636363636,-0.39613636363636,-0.06410909090909,0.19475454545455,-0.35206363636364,0.07504545454545,-1.47493076923077,0.77673846153846,1.47827692307692,1.08616153846154,1.11372564102564,-0.17055384615385,1.13527692307692,-0.19736153846154,-0.09416923076923,-0.31176153846154,-0.45416923076923,-0.78808461538462,-0.33941538461538,-0.20036923076923
234.000000,3.000000,13.000000,13.000000,23.000000,2.000000,178.000000,70.000000,3.000000,"",4.000000,,2.000000,2.950000,1.96153846153846,2.38888888888889,1.250000,4.500000,4.250000,4.250000,3.250000,3.000000,3.000000,4.000000,3.000000,3.250000,22.09317005428607,2.33333333333333,6.66666666666667,5.33333333333333,-0.31547692307692,-0.76963076923077,-1.43863846153846,-1.16453846153846,-1.16163846153846,-1.25493846153846,-0.99613846153846,-1.06747692307692,-1.27256923076923,-0.00823076923077,0.33293076923077,0.27519230769231,-0.35781538461538,-1.58146923076923,0.13045384615385,0.31280769230769,0.44814615384615,-0.45403076923077,0.40135384615385,1.85539230769231,0.60090512820513,1.21406153846154,0.82758461538462,0.64879230769231,0.44429230769231,-0.38868461538461,-0.99263076923077,-0.55731538461538,0.73750769230769,0.10732307692308
235.000000,3.000000,13.000000,13.000000,25.000000,2.000000,186.000000,106.000000,1.000000,"",4.000000,,2.000000,2.450000,2.07692307692308,2.72222222222222,1.000000,4.000000,2.750000,3.750000,3.250000,2.000000,3.000000,1.000000,1.000000,1.750000,30.63938027517632,2.66666666666667,5.33333333333333,4.000000,-0.16163076923077,0.999600,-1.28479230769231,-1.62607692307692,-1.54625384615385,-1.48570769230769,-0.91921538461538,-1.45209230769231,0.88127692307692,0.37638461538462,0.79446923076923,0.967500,0.87295384615385,1.18776153846154,0.36122307692308,0.08203846153846,0.06353076923077,-1.14633846153846,-1.29095384615385,-1.22153076923077,-1.21960769230769,0.29098461538462,1.36604615384615,0.80263846153846,0.44429230769231,-0.46560769230769,-0.53109230769231,-0.172700,0.27596923076923,-0.12344615384615
236.000000,3.000000,13.000000,13.000000,27.000000,2.000000,173.000000,81.000000,1.000000,"",4.000000,,2.000000,2.075000,1.69230769230769,2.66666666666667,2.750000,3.500000,3.000000,3.500000,2.500000,1.000000,5.000000,3.000000,2.000000,2.750000,27.06405158876007,2.000000,4.66666666666667,2.66666666666667,-0.16163076923077,0.15344615384615,-1.28479230769231,-1.24146153846154,-1.16163846153846,-1.22929743589744,-0.534600,-1.22132307692308,0.03512307692308,-0.00823076923077,-0.66706923076923,0.73673076923077,0.33449230769231,0.49545384615385,0.20737692307692,0.23588461538462,-0.24416153846154,0.93058461538462,1.40135384615385,2.547700,1.62654615384615,2.21406153846154,0.67373846153846,0.80263846153846,0.82890769230769,-0.38868461538461,-0.99263076923077,-0.48039230769231,-0.18556923076923,0.26116923076923
237.000000,3.000000,13.000000,11.000000,25.000000,2.000000,162.000000,48.000000,1.000000,"",5.000000,,2.000000,2.425000,1.76923076923077,3.33333333333333,3.000000,4.000000,5.000000,3.750000,3.750000,1.000000,3.000000,1.000000,3.000000,2.000000,18.28989483310471,1.000000,2.66666666666667,6.33333333333333,-0.30149090909091,-0.36403636363636,-1.43164545454545,-1.24845454545455,-1.15464545454545,-1.27824848484848,-0.71641818181818,-1.68985454545455,-0.13270909090909,0.39736363636364,0.563700,-0.30522727272727,-1.15501818181818,0.74020909090909,0.55702727272727,0.43868181818182,-0.705700,1.00750769230769,1.78596923076923,2.00923846153846,1.60090512820513,2.675600,1.44296923076923,1.18725384615385,0.05967692307692,-0.773300,-1.223400,-0.71116153846154,0.66058461538462,-0.20036923076923
238.000000,3.000000,13.000000,13.000000,24.000000,2.000000,188.000000,80.000000,1.000000,"",4.000000,,2.000000,2.825000,2.34615384615385,2.55555555555556,1.500000,4.000000,4.000000,2.250000,2.250000,3.000000,5.000000,5.000000,7.000000,5.000000,22.63467632412857,8.000000,9.000000,6.66666666666667,0.14606153846154,0.92267692307692,0.48443846153846,0.297000,-0.16163846153846,0.206600,1.08078461538462,0.855600,0.18896923076923,0.45330769230769,-1.28245384615385,0.89057692307692,-0.05012307692308,0.26468461538462,0.284300,0.23588461538462,0.44814615384615,1.93058461538461,2.09366153846154,1.47077692307692,1.83167435897436,0.82944615384615,1.212200,0.87956153846154,0.90583076923077,-0.08099230769231,0.85352307692308,0.59653076923077,0.42981538461539,-0.04652307692308
239.000000,3.000000,13.000000,11.000000,21.000000,2.000000,189.000000,70.000000,1.000000,"",4.000000,,2.000000,2.800000,2.76923076923077,3.55555555555556,1.750000,5.000000,3.750000,4.000000,2.500000,4.000000,5.000000,6.000000,5.000000,5.000000,19.59631589261219,5.33333333333333,9.000000,7.66666666666667,-0.02876363636364,-0.36403636363636,-0.15891818181818,-0.15754545454545,-0.42737272727273,-0.24794545454545,-0.62550909090909,0.49196363636364,-0.13270909090909,-0.42081818181818,-0.436300,0.69477272727273,0.11770909090909,0.28566363636364,-1.26115454545455,-0.01586363636364,-0.55185384615385,1.00750769230769,0.32443076923077,0.39385384615385,0.57526410256410,-0.40132307692308,-0.40318461538462,-0.81274615384615,-1.17109230769231,0.38054615384615,-0.30032307692308,-1.09577692307692,-0.49326153846154,-0.81575384615385
240.000000,3.000000,13.000000,11.000000,23.000000,2.000000,191.000000,76.000000,1.000000,"",4.000000,,2.000000,2.750000,2.19230769230769,3.38888888888889,2.750000,3.500000,4.750000,3.750000,4.000000,4.000000,7.000000,4.000000,6.000000,5.250000,20.83276225980648,2.66666666666667,4.000000,6.66666666666667,0.15305454545455,0.81778181818182,0.93199090909091,0.20609090909091,0.20899090909091,0.44902424242424,0.91994545454545,0.855600,0.86729090909091,-0.239000,0.10915454545455,-0.75977272727273,-0.33683636363636,0.10384545454545,-0.17024545454545,-0.01586363636364,-0.01339230769231,0.315200,0.63212307692308,0.547700,0.49834102564103,0.21406153846154,0.212200,0.341100,0.36736923076923,0.30362307692308,-0.53109230769231,-0.09577692307692,-0.72403076923077,-0.35421538461538
241.000000,3.000000,13.000000,13.000000,24.000000,2.000000,190.000000,88.000000,1.000000,"",4.000000,,2.000000,2.800000,2.30769230769231,3.16666666666667,1.750000,4.250000,3.250000,3.250000,3.500000,4.000000,4.000000,5.000000,5.000000,4.500000,24.37673130193906,6.000000,6.33333333333333,5.000000,0.14606153846154,0.92267692307692,0.56136153846154,-0.01069230769231,-0.00779230769231,0.18095897435897,0.38847692307692,0.62483076923077,0.18896923076923,-0.16207692307692,0.79446923076923,-0.41711538461538,-0.58858461538462,0.11083846153846,-0.02339230769231,-0.07180769230769,0.60199230769231,1.23827692307692,1.17058461538462,0.70154615384615,1.03680256410256,0.36790769230769,-0.24933846153846,0.03340769230769,-0.40186153846154,0.61131538461538,0.46890769230769,0.13499230769231,0.50673846153846,0.72270769230769
242.000000,3.000000,13.000000,13.000000,24.000000,2.000000,180.000000,80.000000,1.000000,"",4.000000,,2.000000,3.075000,2.34615384615385,3.38888888888889,1.500000,3.500000,3.750000,2.750000,2.750000,2.000000,4.000000,3.000000,2.000000,2.750000,24.69135802469136,7.66666666666667,9.000000,6.000000,-0.16163076923077,-1.23116923076923,-0.977100,-1.01069230769231,-1.08471538461538,-1.02416923076923,-0.91921538461538,-0.83670769230769,-0.81103076923077,-0.93130769230769,0.94831538461538,-1.80173076923077,-1.43473846153846,-1.11993076923077,-0.79262307692308,0.00511538461538,0.294300,0.39212307692308,0.63212307692308,0.62462307692308,0.54962307692308,0.90636923076923,0.05835384615385,0.87956153846154,0.21352307692308,-0.92714615384615,0.00736923076923,-1.32654615384615,0.50673846153846,-2.20036923076923
243.000000,3.000000,13.000000,12.000000,27.000000,2.000000,173.000000,88.000000,1.000000,"",4.000000,,2.000000,2.750000,2.34615384615385,2.38888888888889,2.250000,3.750000,4.500000,2.500000,3.750000,4.000000,5.000000,1.000000,3.000000,3.250000,29.40292024457884,4.33333333333333,9.000000,6.33333333333333,-0.392400,-0.16706666666667,-1.81043333333333,-1.53633333333333,-1.53343333333333,-1.62673333333333,-1.20126666666667,-1.394400,-0.12513333333333,0.011000,-0.01963333333333,-0.11583333333333,-0.13986666666667,0.399300,0.11763333333333,0.03716666666667,0.06353076923077,0.85366153846154,0.78596923076923,0.31693076923077,0.65218717948718,-0.24747692307692,1.05835384615385,0.64879230769231,0.44429230769231,-0.46560769230769,0.31506153846154,-0.01885384615385,0.35289230769231,0.72270769230769
244.000000,3.000000,13.000000,12.000000,24.000000,2.000000,184.000000,71.000000,1.000000,"",5.000000,,2.000000,2.750000,1.73076923076923,2.500000,3.250000,4.000000,5.000000,4.000000,4.000000,4.000000,5.000000,3.000000,3.000000,3.750000,20.97117202268431,6.66666666666667,8.33333333333333,7.000000,0.19093333333333,1.08293333333333,-0.64376666666667,-0.703000,-0.78343333333333,-0.71006666666667,-0.034600,-0.144400,0.79153333333333,1.011000,0.313700,0.55083333333333,0.61013333333333,0.56596666666667,0.45096666666667,0.03716666666667,0.83276153846154,0.85366153846154,1.09366153846154,1.00923846153846,0.98552051282051,-0.01670769230769,0.82758461538462,-0.12043846153846,0.67506153846154,-0.61945384615385,-0.53109230769231,0.36576153846154,0.12212307692308,0.49193846153846
245.000000,3.000000,13.000000,12.000000,21.000000,2.000000,176.000000,58.000000,1.000000,"",4.000000,,2.000000,2.600000,2.30769230769231,2.88888888888889,4.250000,3.500000,2.750000,2.500000,2.250000,4.000000,4.000000,3.000000,4.000000,3.750000,18.72417355371901,3.33333333333333,3.000000,5.000000,0.19093333333333,1.249600,-0.477100,-0.953000,-0.53343333333333,-0.65451111111111,0.13206666666667,0.27226666666667,0.79153333333333,0.34433333333333,0.64703333333333,0.38416666666667,1.026800,0.649300,-0.215700,0.120500,0.52506923076923,1.54596923076923,1.09366153846154,0.93231538461538,1.19064871794872,0.52175384615385,0.98143076923077,0.57186923076923,0.21352307692308,0.68823846153846,-1.53109230769231,-0.40346923076923,0.50673846153846,-0.12344615384615
246.000000,3.000000,13.000000,11.000000,22.000000,2.000000,182.000000,78.000000,1.000000,"",4.000000,,2.000000,2.300000,2.11538461538462,2.500000,2.000000,2.750000,3.750000,3.750000,3.750000,4.000000,3.000000,2.000000,6.000000,3.750000,23.54788069073783,2.33333333333333,4.66666666666667,5.33333333333333,-0.21058181818182,-0.54585454545455,-1.70437272727273,-1.43027272727273,-1.24555454545455,-1.46006666666667,-1.17096363636364,-1.41712727272727,0.14001818181818,0.761000,1.20006363636364,-0.21431818181818,-0.70047272727273,0.28566363636364,-0.07933636363636,-0.28859090909091,0.44814615384615,1.77673846153846,1.78596923076923,0.85539230769231,1.472700,0.59867692307692,1.28912307692308,1.11033076923077,0.44429230769231,0.99593076923077,0.39198461538462,0.51960769230769,0.89135384615385,-0.50806153846154
